month,store_id,product_id,total_units_sold,avg_inventory,turnover_ratio,turnover_group,movement
2022-01,S005,P0159,2575,142.8387,18.0273,1,"Slow Moving"
2022-01,S004,P0031,2851,156.4194,18.2266,1,"Slow Moving"
2022-01,S004,P0129,2822,153.7097,18.3593,1,"Slow Moving"
2022-01,S002,P0079,2567,137.8710,18.6189,1,"Slow Moving"
2022-01,S004,P0079,2730,146.1290,18.6821,1,"Slow Moving"
2022-01,S001,P0153,2453,130.8387,18.7483,1,"Slow Moving"
2022-01,S003,P0183,2462,131.0323,18.7893,1,"Slow Moving"
2022-01,S002,P0085,2549,135.5484,18.8051,1,"Slow Moving"
2022-01,S005,P0031,2496,132.1613,18.8860,1,"Slow Moving"
2022-01,S004,P0096,2627,139.0645,18.8905,1,"Slow Moving"
2022-01,S003,P0159,2813,148.7742,18.9078,1,"Slow Moving"
2022-01,S004,P0085,2636,138.8065,18.9905,1,"Slow Moving"
2022-01,S005,P0096,2740,144.0645,19.0193,1,"Slow Moving"
2022-01,S004,P0183,2642,138.6129,19.0603,1,"Slow Moving"
2022-01,S005,P0070,2492,130.7419,19.0604,1,"Slow Moving"
2022-01,S001,P0094,2842,149.0000,19.0738,1,"Slow Moving"
2022-01,S004,P0094,2927,153.1613,19.1106,1,"Slow Moving"
2022-01,S004,P0083,2732,142.7742,19.1351,1,"Slow Moving"
2022-01,S002,P0183,2637,137.0323,19.2436,1,"Slow Moving"
2022-01,S003,P0017,2513,130.5161,19.2543,1,"Slow Moving"
2022-01,S005,P0068,2557,132.7419,19.2629,1,"Slow Moving"
2022-01,S004,P0153,2594,134.6129,19.2701,1,"Slow Moving"
2022-01,S005,P0083,2749,142.4839,19.2934,1,"Slow Moving"
2022-01,S001,P0129,2914,149.9677,19.4308,1,"Slow Moving"
2022-01,S001,P0070,2672,137.3548,19.4533,1,"Slow Moving"
2022-01,S003,P0116,2859,146.9032,19.4618,1,"Slow Moving"
2022-01,S002,P0070,2694,138.3548,19.4717,1,"Slow Moving"
2022-01,S002,P0153,2933,150.3226,19.5114,1,"Slow Moving"
2022-01,S002,P0129,2650,135.7742,19.5177,1,"Slow Moving"
2022-01,S003,P0096,2743,140.3226,19.5478,1,"Slow Moving"
2022-01,S002,P0116,2655,135.6452,19.5731,1,"Slow Moving"
2022-01,S003,P0070,2660,135.4194,19.6427,1,"Slow Moving"
2022-01,S005,P0079,2690,136.8710,19.6535,1,"Slow Moving"
2022-01,S005,P0171,2952,149.8387,19.7012,1,"Slow Moving"
2022-01,S002,P0175,2550,129.3871,19.7083,1,"Slow Moving"
2022-01,S004,P0166,2735,138.6129,19.7312,1,"Slow Moving"
2022-01,S003,P0171,2794,140.8710,19.8338,1,"Slow Moving"
2022-01,S003,P0031,2923,147.1613,19.8626,1,"Slow Moving"
2022-01,S004,P0159,2661,133.9677,19.8630,1,"Slow Moving"
2022-01,S003,P0068,2528,127.0968,19.8904,1,"Slow Moving"
2022-01,S001,P0068,2540,127.2903,19.9544,1,"Slow Moving"
2022-01,S002,P0096,2820,141.2581,19.9635,1,"Slow Moving"
2022-01,S004,P0070,2972,148.3871,20.0287,1,"Slow Moving"
2022-01,S001,P0079,2716,135.5484,20.0371,1,"Slow Moving"
2022-01,S002,P0067,2881,143.5484,20.0699,1,"Slow Moving"
2022-01,S003,P0153,2995,149.0000,20.1007,1,"Slow Moving"
2022-01,S001,P0017,2812,139.3548,20.1787,1,"Slow Moving"
2022-01,S005,P0067,2689,133.0000,20.2180,1,"Slow Moving"
2022-01,S001,P0183,2923,144.3871,20.2442,1,"Slow Moving"
2022-01,S001,P0159,3056,150.9355,20.2471,1,"Slow Moving"
2022-01,S004,P0068,2548,125.5806,20.2898,2,"Medium Moving"
2022-01,S003,P0166,2659,130.7742,20.3328,2,"Medium Moving"
2022-01,S001,P0175,2490,122.4194,20.3399,2,"Medium Moving"
2022-01,S005,P0129,3189,156.7742,20.3414,2,"Medium Moving"
2022-01,S002,P0149,2998,147.2903,20.3544,2,"Medium Moving"
2022-01,S002,P0068,2656,130.3871,20.3701,2,"Medium Moving"
2022-01,S004,P0067,3034,148.9032,20.3756,2,"Medium Moving"
2022-01,S004,P0116,2866,140.6452,20.3775,2,"Medium Moving"
2022-01,S004,P0175,2358,114.9677,20.5101,2,"Medium Moving"
2022-01,S002,P0083,3030,147.6774,20.5177,2,"Medium Moving"
2022-01,S005,P0149,2900,141.2903,20.5251,2,"Medium Moving"
2022-01,S005,P0153,3155,153.5484,20.5473,2,"Medium Moving"
2022-01,S002,P0094,2809,136.4516,20.5861,2,"Medium Moving"
2022-01,S004,P0017,2853,138.3226,20.6257,2,"Medium Moving"
2022-01,S001,P0166,2899,140.3226,20.6595,2,"Medium Moving"
2022-01,S005,P0166,2730,131.6774,20.7325,2,"Medium Moving"
2022-01,S002,P0171,3011,145.1613,20.7424,2,"Medium Moving"
2022-01,S005,P0183,2860,137.8710,20.7440,2,"Medium Moving"
2022-01,S003,P0079,2899,139.1613,20.8319,2,"Medium Moving"
2022-01,S005,P0116,2914,138.9032,20.9786,2,"Medium Moving"
2022-01,S001,P0149,3005,143.2258,20.9809,2,"Medium Moving"
2022-01,S001,P0031,2997,142.7742,20.9912,2,"Medium Moving"
2022-01,S003,P0085,2895,137.5484,21.0471,2,"Medium Moving"
2022-01,S001,P0096,3082,146.3871,21.0538,2,"Medium Moving"
2022-01,S005,P0125,4212,199.5484,21.1077,2,"Medium Moving"
2022-01,S003,P0083,3069,144.8710,21.1844,2,"Medium Moving"
2022-01,S004,P0171,2854,134.7097,21.1863,2,"Medium Moving"
2022-01,S001,P0116,2821,132.9032,21.2260,2,"Medium Moving"
2022-01,S004,P0057,3929,185.0968,21.2267,2,"Medium Moving"
2022-01,S003,P0016,4025,189.2258,21.2709,2,"Medium Moving"
2022-01,S004,P0069,3988,187.4839,21.2712,2,"Medium Moving"
2022-01,S005,P0085,2846,133.3871,21.3364,2,"Medium Moving"
2022-01,S004,P0149,3175,148.7419,21.3457,2,"Medium Moving"
2022-01,S003,P0178,4218,197.5161,21.3552,2,"Medium Moving"
2022-01,S001,P0171,3032,141.9355,21.3618,2,"Medium Moving"
2022-01,S005,P0094,3147,147.0968,21.3941,2,"Medium Moving"
2022-01,S003,P0129,2774,129.5161,21.4182,2,"Medium Moving"
2022-01,S004,P0046,3938,183.1290,21.5040,2,"Medium Moving"
2022-01,S002,P0159,2802,130.2258,21.5165,2,"Medium Moving"
2022-01,S001,P0083,3302,153.2581,21.5454,2,"Medium Moving"
2022-01,S003,P0067,2742,127.0968,21.5741,2,"Medium Moving"
2022-01,S002,P0166,2909,134.8065,21.5791,2,"Medium Moving"
2022-01,S005,P0178,4332,200.5806,21.5973,2,"Medium Moving"
2022-01,S003,P0094,2918,135.0968,21.5993,2,"Medium Moving"
2022-01,S001,P0187,4214,195.0323,21.6067,2,"Medium Moving"
2022-01,S003,P0149,3012,139.3548,21.6139,2,"Medium Moving"
2022-01,S004,P0061,3959,183.0968,21.6224,2,"Medium Moving"
2022-01,S002,P0031,2944,135.7097,21.6934,2,"Medium Moving"
2022-01,S002,P0126,3785,174.4516,21.6966,2,"Medium Moving"
2022-01,S005,P0133,3849,177.2258,21.7181,2,"Medium Moving"
2022-01,S001,P0067,2764,127.2581,21.7196,3,"Fast Moving"
2022-01,S003,P0175,2872,132.1613,21.7310,3,"Fast Moving"
2022-01,S004,P0066,3777,173.7742,21.7351,3,"Fast Moving"
2022-01,S005,P0016,3604,165.8065,21.7362,3,"Fast Moving"
2022-01,S002,P0178,4082,187.7742,21.7389,3,"Fast Moving"
2022-01,S002,P0046,4086,187.3226,21.8126,3,"Fast Moving"
2022-01,S003,P0133,4087,187.2903,21.8217,3,"Fast Moving"
2022-01,S002,P0066,3861,176.5806,21.8654,3,"Fast Moving"
2022-01,S004,P0187,3853,176.1290,21.8760,3,"Fast Moving"
2022-01,S001,P0085,2700,123.3548,21.8881,3,"Fast Moving"
2022-01,S005,P0057,3697,168.5484,21.9344,3,"Fast Moving"
2022-01,S001,P0178,3614,164.6774,21.9459,3,"Fast Moving"
2022-01,S002,P0017,2987,136.0000,21.9632,3,"Fast Moving"
2022-01,S005,P0175,2641,120.1613,21.9788,3,"Fast Moving"
2022-01,S004,P0178,3757,170.8387,21.9915,3,"Fast Moving"
2022-01,S005,P0017,3204,145.5484,22.0133,3,"Fast Moving"
2022-01,S003,P0057,3887,176.2258,22.0569,3,"Fast Moving"
2022-01,S002,P0187,3612,163.6774,22.0678,3,"Fast Moving"
2022-01,S004,P0125,3751,169.9032,22.0773,3,"Fast Moving"
2022-01,S003,P0125,4176,188.6452,22.1368,3,"Fast Moving"
2022-01,S001,P0061,3760,169.8387,22.1387,3,"Fast Moving"
2022-01,S002,P0125,4197,189.3548,22.1647,3,"Fast Moving"
2022-01,S001,P0057,4054,181.8710,22.2905,3,"Fast Moving"
2022-01,S003,P0046,4129,185.1290,22.3034,3,"Fast Moving"
2022-01,S002,P0061,3825,170.5806,22.4234,3,"Fast Moving"
2022-01,S005,P0046,3983,177.5806,22.4292,3,"Fast Moving"
2022-01,S003,P0066,3757,167.2258,22.4666,3,"Fast Moving"
2022-01,S003,P0126,4059,180.0968,22.5379,3,"Fast Moving"
2022-01,S001,P0069,3886,171.8387,22.6142,3,"Fast Moving"
2022-01,S003,P0069,4450,196.6774,22.6259,3,"Fast Moving"
2022-01,S005,P0066,4022,177.3871,22.6736,3,"Fast Moving"
2022-01,S004,P0016,4091,179.2903,22.8177,3,"Fast Moving"
2022-01,S001,P0046,3681,161.1290,22.8450,3,"Fast Moving"
2022-01,S001,P0133,3974,173.6452,22.8858,3,"Fast Moving"
2022-01,S001,P0016,3890,169.8065,22.9084,3,"Fast Moving"
2022-01,S005,P0126,4114,179.1613,22.9625,3,"Fast Moving"
2022-01,S005,P0069,3788,164.8065,22.9845,3,"Fast Moving"
2022-01,S002,P0069,3948,171.6129,23.0053,3,"Fast Moving"
2022-01,S001,P0066,4022,174.7097,23.0210,3,"Fast Moving"
2022-01,S002,P0057,4167,180.2903,23.1127,3,"Fast Moving"
2022-01,S005,P0061,4234,182.2903,23.2267,3,"Fast Moving"
2022-01,S002,P0133,3986,170.8065,23.3364,3,"Fast Moving"
2022-01,S003,P0061,3843,164.6452,23.3411,3,"Fast Moving"
2022-01,S001,P0126,4180,178.9355,23.3604,3,"Fast Moving"
2022-01,S002,P0016,3954,169.1290,23.3786,3,"Fast Moving"
2022-01,S005,P0187,4089,173.7419,23.5349,3,"Fast Moving"
2022-01,S004,P0133,4377,185.5484,23.5895,3,"Fast Moving"
2022-01,S001,P0125,4175,176.8065,23.6134,3,"Fast Moving"
2022-01,S003,P0187,4360,184.1290,23.6790,3,"Fast Moving"
2022-01,S004,P0126,4165,173.8387,23.9590,3,"Fast Moving"
2022-02,S002,P0129,2269,142.7500,15.8949,1,"Slow Moving"
2022-02,S004,P0175,2231,139.2857,16.0174,1,"Slow Moving"
2022-02,S002,P0085,2281,141.7143,16.0958,1,"Slow Moving"
2022-02,S003,P0068,2334,140.8214,16.5742,1,"Slow Moving"
2022-02,S005,P0070,2281,136.0714,16.7633,1,"Slow Moving"
2022-02,S001,P0085,2311,137.7143,16.7811,1,"Slow Moving"
2022-02,S002,P0068,2322,138.2857,16.7913,1,"Slow Moving"
2022-02,S003,P0183,2493,147.7857,16.8690,1,"Slow Moving"
2022-02,S002,P0116,2414,142.2500,16.9701,1,"Slow Moving"
2022-02,S004,P0070,2507,147.5357,16.9925,1,"Slow Moving"
2022-02,S004,P0159,2199,129.1429,17.0277,1,"Slow Moving"
2022-02,S004,P0068,2192,128.2500,17.0916,1,"Slow Moving"
2022-02,S002,P0153,2597,151.8929,17.0976,1,"Slow Moving"
2022-02,S003,P0070,2370,138.3571,17.1296,1,"Slow Moving"
2022-02,S001,P0153,2445,142.2143,17.1924,1,"Slow Moving"
2022-02,S005,P0153,2320,134.7857,17.2125,1,"Slow Moving"
2022-02,S003,P0175,2593,149.9286,17.2949,1,"Slow Moving"
2022-02,S003,P0159,2257,130.1429,17.3425,1,"Slow Moving"
2022-02,S001,P0166,2260,130.0357,17.3798,1,"Slow Moving"
2022-02,S004,P0017,2620,150.5714,17.4004,1,"Slow Moving"
2022-02,S002,P0149,2739,156.8214,17.4657,1,"Slow Moving"
2022-02,S001,P0094,2439,139.4643,17.4883,1,"Slow Moving"
2022-02,S003,P0067,2407,137.4286,17.5146,1,"Slow Moving"
2022-02,S002,P0070,2272,129.6071,17.5299,1,"Slow Moving"
2022-02,S005,P0183,2377,135.4643,17.5471,1,"Slow Moving"
2022-02,S002,P0094,2414,137.3929,17.5701,1,"Slow Moving"
2022-02,S003,P0017,2580,146.6786,17.5895,1,"Slow Moving"
2022-02,S001,P0067,2636,149.4643,17.6363,1,"Slow Moving"
2022-02,S002,P0067,2549,144.0714,17.6926,1,"Slow Moving"
2022-02,S002,P0031,2215,125.0714,17.7099,1,"Slow Moving"
2022-02,S001,P0171,2284,128.8929,17.7201,1,"Slow Moving"
2022-02,S004,P0171,2659,149.9643,17.7309,1,"Slow Moving"
2022-02,S003,P0171,2639,148.7143,17.7454,1,"Slow Moving"
2022-02,S002,P0083,2581,145.4286,17.7475,1,"Slow Moving"
2022-02,S005,P0094,2650,149.2500,17.7554,1,"Slow Moving"
2022-02,S004,P0085,2396,134.8929,17.7622,1,"Slow Moving"
2022-02,S005,P0079,2614,146.8214,17.8039,1,"Slow Moving"
2022-02,S003,P0031,2565,143.7857,17.8390,1,"Slow Moving"
2022-02,S004,P0166,2577,143.8571,17.9136,1,"Slow Moving"
2022-02,S002,P0096,2641,146.9643,17.9704,1,"Slow Moving"
2022-02,S004,P0149,2724,151.5714,17.9717,1,"Slow Moving"
2022-02,S001,P0116,2615,145.2857,17.9990,1,"Slow Moving"
2022-02,S004,P0094,2763,153.3929,18.0126,1,"Slow Moving"
2022-02,S005,P0129,2538,140.6429,18.0457,1,"Slow Moving"
2022-02,S005,P0017,2402,133.0000,18.0602,1,"Slow Moving"
2022-02,S002,P0159,2656,146.9643,18.0724,1,"Slow Moving"
2022-02,S005,P0096,2691,148.8571,18.0777,1,"Slow Moving"
2022-02,S003,P0094,2536,140.0714,18.1050,1,"Slow Moving"
2022-02,S004,P0083,2467,136.1786,18.1159,1,"Slow Moving"
2022-02,S003,P0079,2555,140.7857,18.1481,1,"Slow Moving"
2022-02,S001,P0149,2651,146.0000,18.1575,2,"Medium Moving"
2022-02,S002,P0171,2396,131.8214,18.1761,2,"Medium Moving"
2022-02,S003,P0085,2158,118.3214,18.2385,2,"Medium Moving"
2022-02,S001,P0079,2735,149.8929,18.2464,2,"Medium Moving"
2022-02,S001,P0129,2776,151.5000,18.3234,2,"Medium Moving"
2022-02,S003,P0083,2803,152.7857,18.3460,2,"Medium Moving"
2022-02,S001,P0175,2463,134.1429,18.3610,2,"Medium Moving"
2022-02,S005,P0031,2644,143.9286,18.3702,2,"Medium Moving"
2022-02,S002,P0079,2598,141.3571,18.3790,2,"Medium Moving"
2022-02,S001,P0096,2499,135.8214,18.3992,2,"Medium Moving"
2022-02,S005,P0149,2915,158.3214,18.4119,2,"Medium Moving"
2022-02,S003,P0129,2590,140.3929,18.4482,2,"Medium Moving"
2022-02,S005,P0159,2365,128.0357,18.4714,2,"Medium Moving"
2022-02,S005,P0175,2411,130.3214,18.5004,2,"Medium Moving"
2022-02,S005,P0085,2659,143.5714,18.5204,2,"Medium Moving"
2022-02,S001,P0070,2305,124.4286,18.5247,2,"Medium Moving"
2022-02,S004,P0079,2600,140.1429,18.5525,2,"Medium Moving"
2022-02,S001,P0083,2453,131.4286,18.6641,2,"Medium Moving"
2022-02,S001,P0031,2405,128.6429,18.6952,2,"Medium Moving"
2022-02,S003,P0096,2559,136.7857,18.7081,2,"Medium Moving"
2022-02,S005,P0083,2724,145.5714,18.7125,2,"Medium Moving"
2022-02,S005,P0067,2730,145.7857,18.7261,2,"Medium Moving"
2022-02,S005,P0116,2568,137.1071,18.7299,2,"Medium Moving"
2022-02,S005,P0068,2468,131.7500,18.7324,2,"Medium Moving"
2022-02,S003,P0149,2301,122.7857,18.7400,2,"Medium Moving"
2022-02,S004,P0183,2346,125.1071,18.7519,2,"Medium Moving"
2022-02,S001,P0183,2390,127.2857,18.7767,2,"Medium Moving"
2022-02,S001,P0159,2517,133.6071,18.8388,2,"Medium Moving"
2022-02,S002,P0183,2487,132.0000,18.8409,2,"Medium Moving"
2022-02,S004,P0129,2925,154.3214,18.9539,2,"Medium Moving"
2022-02,S002,P0017,2779,146.4643,18.9739,2,"Medium Moving"
2022-02,S001,P0068,2623,137.2857,19.1061,2,"Medium Moving"
2022-02,S003,P0046,3597,187.5357,19.1803,2,"Medium Moving"
2022-02,S003,P0153,2687,140.0000,19.1929,2,"Medium Moving"
2022-02,S001,P0066,3621,188.5714,19.2023,2,"Medium Moving"
2022-02,S004,P0096,2560,133.0357,19.2430,2,"Medium Moving"
2022-02,S005,P0171,2502,129.5714,19.3098,2,"Medium Moving"
2022-02,S004,P0031,2587,133.5357,19.3731,2,"Medium Moving"
2022-02,S001,P0061,3722,191.5357,19.4324,2,"Medium Moving"
2022-02,S003,P0116,2635,135.5357,19.4414,2,"Medium Moving"
2022-02,S005,P0126,3560,183.0000,19.4536,2,"Medium Moving"
2022-02,S003,P0061,3350,172.1786,19.4565,2,"Medium Moving"
2022-02,S004,P0153,2452,125.4286,19.5490,2,"Medium Moving"
2022-02,S001,P0016,3343,170.9643,19.5538,2,"Medium Moving"
2022-02,S003,P0166,2819,144.1429,19.5570,2,"Medium Moving"
2022-02,S002,P0175,2624,133.5357,19.6502,2,"Medium Moving"
2022-02,S004,P0116,2563,130.3571,19.6614,2,"Medium Moving"
2022-02,S004,P0187,3659,186.0357,19.6683,2,"Medium Moving"
2022-02,S005,P0046,2954,150.1429,19.6746,2,"Medium Moving"
2022-02,S001,P0017,2530,128.5357,19.6832,2,"Medium Moving"
2022-02,S002,P0061,3692,187.1071,19.7320,3,"Fast Moving"
2022-02,S005,P0066,3502,177.2500,19.7574,3,"Fast Moving"
2022-02,S004,P0057,3603,182.0714,19.7889,3,"Fast Moving"
2022-02,S004,P0125,3494,176.3571,19.8121,3,"Fast Moving"
2022-02,S004,P0067,2792,140.8214,19.8265,3,"Fast Moving"
2022-02,S005,P0061,3584,180.5357,19.8520,3,"Fast Moving"
2022-02,S003,P0016,3657,183.8571,19.8904,3,"Fast Moving"
2022-02,S002,P0046,3861,193.8929,19.9131,3,"Fast Moving"
2022-02,S003,P0066,3340,167.6786,19.9191,3,"Fast Moving"
2022-02,S001,P0046,3721,186.3571,19.9670,3,"Fast Moving"
2022-02,S001,P0069,3410,170.6786,19.9791,3,"Fast Moving"
2022-02,S002,P0166,2818,141.0000,19.9858,3,"Fast Moving"
2022-02,S003,P0125,3833,191.5357,20.0119,3,"Fast Moving"
2022-02,S003,P0187,3615,180.6071,20.0158,3,"Fast Moving"
2022-02,S001,P0187,3810,188.7500,20.1854,3,"Fast Moving"
2022-02,S003,P0069,3872,190.8571,20.2874,3,"Fast Moving"
2022-02,S004,P0126,3704,182.3571,20.3118,3,"Fast Moving"
2022-02,S002,P0016,3861,190.0714,20.3134,3,"Fast Moving"
2022-02,S002,P0178,3678,180.8214,20.3405,3,"Fast Moving"
2022-02,S003,P0178,3839,188.7143,20.3429,3,"Fast Moving"
2022-02,S002,P0133,3315,162.9286,20.3463,3,"Fast Moving"
2022-02,S004,P0046,3639,178.8214,20.3499,3,"Fast Moving"
2022-02,S002,P0069,4134,202.0000,20.4653,3,"Fast Moving"
2022-02,S001,P0133,3407,166.2143,20.4976,3,"Fast Moving"
2022-02,S002,P0126,3659,178.2143,20.5315,3,"Fast Moving"
2022-02,S003,P0126,3003,146.2143,20.5383,3,"Fast Moving"
2022-02,S004,P0133,3542,172.3571,20.5504,3,"Fast Moving"
2022-02,S004,P0069,3218,156.5714,20.5529,3,"Fast Moving"
2022-02,S005,P0133,3462,168.4286,20.5547,3,"Fast Moving"
2022-02,S005,P0125,3398,165.1071,20.5806,3,"Fast Moving"
2022-02,S001,P0125,3634,176.3929,20.6017,3,"Fast Moving"
2022-02,S004,P0178,3709,179.3571,20.6794,3,"Fast Moving"
2022-02,S005,P0057,3635,175.5357,20.7080,3,"Fast Moving"
2022-02,S005,P0178,3711,178.9286,20.7401,3,"Fast Moving"
2022-02,S001,P0057,3607,173.8214,20.7512,3,"Fast Moving"
2022-02,S001,P0178,3934,189.3214,20.7795,3,"Fast Moving"
2022-02,S005,P0016,3639,174.6786,20.8325,3,"Fast Moving"
2022-02,S005,P0166,2455,117.6786,20.8619,3,"Fast Moving"
2022-02,S004,P0016,3604,172.7143,20.8668,3,"Fast Moving"
2022-02,S002,P0066,3775,180.6071,20.9017,3,"Fast Moving"
2022-02,S003,P0057,3706,177.1786,20.9168,3,"Fast Moving"
2022-02,S004,P0061,3926,186.6071,21.0389,3,"Fast Moving"
2022-02,S005,P0069,3559,169.0000,21.0592,3,"Fast Moving"
2022-02,S002,P0057,3519,166.0714,21.1897,3,"Fast Moving"
2022-02,S003,P0133,3741,176.5000,21.1955,3,"Fast Moving"
2022-02,S005,P0187,3710,174.5714,21.2520,3,"Fast Moving"
2022-02,S002,P0187,3666,169.0714,21.6831,3,"Fast Moving"
2022-02,S002,P0125,3557,163.6071,21.7411,3,"Fast Moving"
2022-02,S004,P0066,3858,173.9643,22.1770,3,"Fast Moving"
2022-02,S001,P0126,3602,162.1786,22.2101,3,"Fast Moving"
2022-03,S002,P0085,2338,132.3226,17.6689,1,"Slow Moving"
2022-03,S001,P0149,2518,140.5484,17.9155,1,"Slow Moving"
2022-03,S001,P0068,2513,139.7097,17.9873,1,"Slow Moving"
2022-03,S001,P0183,2385,132.3226,18.0241,1,"Slow Moving"
2022-03,S001,P0066,2491,135.2581,18.4166,1,"Slow Moving"
2022-03,S004,P0031,2454,132.5806,18.5095,1,"Slow Moving"
2022-03,S003,P0126,2524,135.9355,18.5676,1,"Slow Moving"
2022-03,S004,P0046,2817,151.3548,18.6119,1,"Slow Moving"
2022-03,S004,P0016,2638,141.0000,18.7092,1,"Slow Moving"
2022-03,S004,P0175,2590,138.3226,18.7243,1,"Slow Moving"
2022-03,S002,P0069,2892,153.9677,18.7832,1,"Slow Moving"
2022-03,S004,P0061,2639,140.2581,18.8153,1,"Slow Moving"
2022-03,S001,P0017,2597,137.6774,18.8629,1,"Slow Moving"
2022-03,S001,P0178,2550,135.1290,18.8709,1,"Slow Moving"
2022-03,S003,P0171,2464,130.4194,18.8929,1,"Slow Moving"
2022-03,S001,P0129,2661,140.8065,18.8983,1,"Slow Moving"
2022-03,S002,P0153,2705,143.1290,18.8990,1,"Slow Moving"
2022-03,S002,P0175,2520,132.8387,18.9704,1,"Slow Moving"
2022-03,S002,P0070,2429,128.0323,18.9718,1,"Slow Moving"
2022-03,S003,P0070,2847,149.6774,19.0209,1,"Slow Moving"
2022-03,S002,P0116,2534,132.8387,19.0758,1,"Slow Moving"
2022-03,S001,P0125,2690,141.0000,19.0780,1,"Slow Moving"
2022-03,S001,P0085,2716,142.2258,19.0964,1,"Slow Moving"
2022-03,S002,P0083,2558,133.9032,19.1033,1,"Slow Moving"
2022-03,S002,P0125,2518,131.7419,19.1131,1,"Slow Moving"
2022-03,S001,P0016,2659,139.0645,19.1206,1,"Slow Moving"
2022-03,S005,P0126,2762,144.0000,19.1806,1,"Slow Moving"
2022-03,S003,P0085,2512,130.9355,19.1850,1,"Slow Moving"
2022-03,S003,P0083,2862,149.1290,19.1914,1,"Slow Moving"
2022-03,S003,P0069,2876,149.6774,19.2147,1,"Slow Moving"
2022-03,S003,P0187,2900,150.7419,19.2382,1,"Slow Moving"
2022-03,S002,P0094,2590,134.1935,19.3005,1,"Slow Moving"
2022-03,S002,P0166,2805,145.2903,19.3062,1,"Slow Moving"
2022-03,S004,P0159,2628,136.0968,19.3098,1,"Slow Moving"
2022-03,S001,P0094,2890,149.5161,19.3290,1,"Slow Moving"
2022-03,S002,P0129,2729,140.7742,19.3857,1,"Slow Moving"
2022-03,S001,P0057,2606,134.3871,19.3917,1,"Slow Moving"
2022-03,S003,P0116,2813,145.0000,19.4000,1,"Slow Moving"
2022-03,S003,P0046,2746,141.2903,19.4352,1,"Slow Moving"
2022-03,S005,P0070,2550,131.1935,19.4369,1,"Slow Moving"
2022-03,S003,P0096,2935,150.6452,19.4829,1,"Slow Moving"
2022-03,S003,P0166,2675,137.1290,19.5072,1,"Slow Moving"
2022-03,S005,P0187,2952,151.2581,19.5163,1,"Slow Moving"
2022-03,S004,P0094,2590,132.6774,19.5210,1,"Slow Moving"
2022-03,S002,P0068,2568,131.2903,19.5597,1,"Slow Moving"
2022-03,S005,P0066,2621,133.9677,19.5644,1,"Slow Moving"
2022-03,S005,P0085,2790,142.4516,19.5856,1,"Slow Moving"
2022-03,S004,P0153,2856,145.4516,19.6354,1,"Slow Moving"
2022-03,S005,P0171,2594,131.9355,19.6611,1,"Slow Moving"
2022-03,S001,P0175,2734,138.8710,19.6873,1,"Slow Moving"
2022-03,S003,P0066,3333,169.1290,19.7068,2,"Medium Moving"
2022-03,S003,P0061,2923,148.2581,19.7156,2,"Medium Moving"
2022-03,S004,P0079,2982,150.8387,19.7695,2,"Medium Moving"
2022-03,S003,P0067,2821,142.6774,19.7719,2,"Medium Moving"
2022-03,S002,P0159,2872,145.1613,19.7849,2,"Medium Moving"
2022-03,S004,P0126,2945,148.5484,19.8252,2,"Medium Moving"
2022-03,S004,P0129,2955,148.7419,19.8666,2,"Medium Moving"
2022-03,S001,P0069,2704,135.8065,19.9107,2,"Medium Moving"
2022-03,S001,P0061,2916,146.4516,19.9110,2,"Medium Moving"
2022-03,S004,P0066,2955,148.3871,19.9141,2,"Medium Moving"
2022-03,S005,P0153,2730,137.0645,19.9176,2,"Medium Moving"
2022-03,S004,P0067,3142,157.1290,19.9963,2,"Medium Moving"
2022-03,S004,P0017,2770,138.4516,20.0070,2,"Medium Moving"
2022-03,S003,P0094,2857,142.7419,20.0151,2,"Medium Moving"
2022-03,S002,P0079,2783,138.9355,20.0309,2,"Medium Moving"
2022-03,S004,P0085,2814,140.4516,20.0354,2,"Medium Moving"
2022-03,S001,P0187,2952,147.2903,20.0420,2,"Medium Moving"
2022-03,S001,P0067,2794,139.3871,20.0449,2,"Medium Moving"
2022-03,S003,P0057,3076,153.3871,20.0538,2,"Medium Moving"
2022-03,S005,P0016,2904,144.7097,20.0678,2,"Medium Moving"
2022-03,S001,P0116,2950,146.7419,20.1033,2,"Medium Moving"
2022-03,S001,P0133,2600,129.2903,20.1098,2,"Medium Moving"
2022-03,S004,P0187,3029,150.0000,20.1933,2,"Medium Moving"
2022-03,S005,P0159,2540,125.7742,20.1949,2,"Medium Moving"
2022-03,S005,P0149,2682,132.5484,20.2341,2,"Medium Moving"
2022-03,S005,P0133,2764,136.4194,20.2611,2,"Medium Moving"
2022-03,S003,P0016,3083,152.1613,20.2614,2,"Medium Moving"
2022-03,S001,P0166,2922,144.1935,20.2644,2,"Medium Moving"
2022-03,S003,P0031,2659,131.1290,20.2777,2,"Medium Moving"
2022-03,S004,P0096,2922,144.0323,20.2871,2,"Medium Moving"
2022-03,S005,P0068,2769,136.4839,20.2881,2,"Medium Moving"
2022-03,S001,P0079,2854,140.3548,20.3342,2,"Medium Moving"
2022-03,S004,P0166,2893,142.1290,20.3547,2,"Medium Moving"
2022-03,S002,P0067,2819,138.4194,20.3656,2,"Medium Moving"
2022-03,S004,P0183,2599,127.6129,20.3663,2,"Medium Moving"
2022-03,S005,P0046,2892,141.9355,20.3755,2,"Medium Moving"
2022-03,S004,P0083,2723,133.3548,20.4192,2,"Medium Moving"
2022-03,S002,P0096,2706,132.4516,20.4301,2,"Medium Moving"
2022-03,S001,P0159,2598,127.0000,20.4567,2,"Medium Moving"
2022-03,S002,P0057,2606,127.2258,20.4833,2,"Medium Moving"
2022-03,S005,P0094,2858,139.4839,20.4898,2,"Medium Moving"
2022-03,S003,P0017,2830,137.9677,20.5120,2,"Medium Moving"
2022-03,S002,P0046,3093,150.7742,20.5141,2,"Medium Moving"
2022-03,S002,P0126,3046,148.4516,20.5185,2,"Medium Moving"
2022-03,S003,P0175,2722,132.6129,20.5259,2,"Medium Moving"
2022-03,S001,P0153,2746,133.7419,20.5321,2,"Medium Moving"
2022-03,S002,P0178,2915,141.4194,20.6125,2,"Medium Moving"
2022-03,S003,P0133,2919,141.5806,20.6172,2,"Medium Moving"
2022-03,S005,P0067,2962,143.5484,20.6342,2,"Medium Moving"
2022-03,S005,P0061,2970,143.5806,20.6852,2,"Medium Moving"
2022-03,S002,P0149,2852,137.8387,20.6908,3,"Fast Moving"
2022-03,S005,P0096,2928,141.3548,20.7138,3,"Fast Moving"
2022-03,S003,P0149,2889,139.2258,20.7505,3,"Fast Moving"
2022-03,S002,P0031,2610,125.7419,20.7568,3,"Fast Moving"
2022-03,S002,P0061,2879,138.6129,20.7701,3,"Fast Moving"
2022-03,S001,P0031,2929,140.9677,20.7778,3,"Fast Moving"
2022-03,S003,P0153,2725,131.1290,20.7811,3,"Fast Moving"
2022-03,S005,P0175,2746,132.0000,20.8030,3,"Fast Moving"
2022-03,S002,P0016,3012,144.7419,20.8094,3,"Fast Moving"
2022-03,S005,P0057,3208,154.1290,20.8137,3,"Fast Moving"
2022-03,S002,P0017,2968,142.5484,20.8210,3,"Fast Moving"
2022-03,S001,P0096,3079,147.8710,20.8222,3,"Fast Moving"
2022-03,S003,P0068,2673,128.2581,20.8408,3,"Fast Moving"
2022-03,S005,P0083,3181,152.3548,20.8789,3,"Fast Moving"
2022-03,S002,P0183,3109,148.7419,20.9020,3,"Fast Moving"
2022-03,S005,P0116,2632,125.9032,20.9049,3,"Fast Moving"
2022-03,S002,P0066,2893,138.2581,20.9246,3,"Fast Moving"
2022-03,S005,P0125,3136,149.6129,20.9608,3,"Fast Moving"
2022-03,S003,P0178,2934,139.6774,21.0055,3,"Fast Moving"
2022-03,S004,P0178,2872,136.6774,21.0130,3,"Fast Moving"
2022-03,S001,P0046,2598,123.4194,21.0502,3,"Fast Moving"
2022-03,S003,P0129,3171,150.3871,21.0856,3,"Fast Moving"
2022-03,S005,P0166,3056,144.1935,21.1937,3,"Fast Moving"
2022-03,S005,P0017,2995,141.1290,21.2217,3,"Fast Moving"
2022-03,S004,P0171,2934,138.0645,21.2509,3,"Fast Moving"
2022-03,S002,P0187,2670,125.5806,21.2612,3,"Fast Moving"
2022-03,S005,P0069,2635,123.8710,21.2721,3,"Fast Moving"
2022-03,S003,P0183,2762,129.8065,21.2778,3,"Fast Moving"
2022-03,S003,P0079,2866,134.6452,21.2856,3,"Fast Moving"
2022-03,S004,P0069,2882,135.2903,21.3023,3,"Fast Moving"
2022-03,S003,P0125,2770,129.5806,21.3766,3,"Fast Moving"
2022-03,S005,P0079,3083,144.0645,21.4001,3,"Fast Moving"
2022-03,S002,P0171,3121,145.7097,21.4193,3,"Fast Moving"
2022-03,S002,P0133,3098,144.5484,21.4323,3,"Fast Moving"
2022-03,S004,P0133,2982,139.1290,21.4333,3,"Fast Moving"
2022-03,S004,P0057,3054,142.4194,21.4437,3,"Fast Moving"
2022-03,S005,P0178,3166,147.6129,21.4480,3,"Fast Moving"
2022-03,S001,P0070,3059,142.5806,21.4545,3,"Fast Moving"
2022-03,S001,P0083,3268,151.8710,21.5183,3,"Fast Moving"
2022-03,S001,P0171,3041,141.2581,21.5280,3,"Fast Moving"
2022-03,S004,P0068,2713,125.7097,21.5815,3,"Fast Moving"
2022-03,S001,P0126,3112,144.0000,21.6111,3,"Fast Moving"
2022-03,S004,P0125,3269,150.8065,21.6768,3,"Fast Moving"
2022-03,S004,P0070,2574,118.0645,21.8016,3,"Fast Moving"
2022-03,S004,P0116,2840,129.9355,21.8570,3,"Fast Moving"
2022-03,S005,P0031,2711,123.6452,21.9256,3,"Fast Moving"
2022-03,S003,P0159,2954,133.4839,22.1300,3,"Fast Moving"
2022-03,S004,P0149,3181,142.3871,22.3405,3,"Fast Moving"
2022-03,S005,P0129,3091,136.0000,22.7279,3,"Fast Moving"
2022-03,S005,P0183,2852,124.0968,22.9821,3,"Fast Moving"
2022-04,S003,P0070,2475,147.0000,16.8367,1,"Slow Moving"
2022-04,S002,P0083,2387,141.0000,16.9291,1,"Slow Moving"
2022-04,S003,P0175,2506,145.8333,17.1840,1,"Slow Moving"
2022-04,S001,P0031,2653,150.8667,17.5851,1,"Slow Moving"
2022-04,S005,P0149,2575,146.4000,17.5888,1,"Slow Moving"
2022-04,S001,P0171,2383,134.5667,17.7087,1,"Slow Moving"
2022-04,S004,P0126,2488,139.9000,17.7841,1,"Slow Moving"
2022-04,S002,P0067,2677,148.7667,17.9946,1,"Slow Moving"
2022-04,S002,P0126,2895,160.6667,18.0187,1,"Slow Moving"
2022-04,S001,P0057,2737,151.5333,18.0620,1,"Slow Moving"
2022-04,S005,P0171,2358,130.1000,18.1245,1,"Slow Moving"
2022-04,S001,P0069,2698,148.8000,18.1317,1,"Slow Moving"
2022-04,S005,P0166,2604,143.3667,18.1632,1,"Slow Moving"
2022-04,S002,P0116,2603,143.1333,18.1858,1,"Slow Moving"
2022-04,S002,P0017,2601,142.7667,18.2185,1,"Slow Moving"
2022-04,S004,P0183,2642,144.2667,18.3133,1,"Slow Moving"
2022-04,S002,P0133,2786,151.9667,18.3330,1,"Slow Moving"
2022-04,S002,P0187,2619,142.3333,18.4005,1,"Slow Moving"
2022-04,S004,P0153,2696,146.4333,18.4111,1,"Slow Moving"
2022-04,S004,P0069,2672,144.9667,18.4318,1,"Slow Moving"
2022-04,S005,P0068,2368,128.2333,18.4663,1,"Slow Moving"
2022-04,S005,P0178,2333,126.3333,18.4670,1,"Slow Moving"
2022-04,S002,P0094,2818,152.3000,18.5030,1,"Slow Moving"
2022-04,S002,P0171,2618,141.3667,18.5192,1,"Slow Moving"
2022-04,S003,P0067,2720,146.8000,18.5286,1,"Slow Moving"
2022-04,S004,P0066,2751,148.1000,18.5753,1,"Slow Moving"
2022-04,S002,P0068,2631,141.5333,18.5893,1,"Slow Moving"
2022-04,S001,P0085,2396,128.8667,18.5929,1,"Slow Moving"
2022-04,S002,P0159,2729,145.8000,18.7174,1,"Slow Moving"
2022-04,S004,P0094,2509,134.0333,18.7192,1,"Slow Moving"
2022-04,S002,P0125,2747,146.6000,18.7381,1,"Slow Moving"
2022-04,S003,P0178,2585,137.8667,18.7500,1,"Slow Moving"
2022-04,S003,P0129,2630,140.0000,18.7857,1,"Slow Moving"
2022-04,S005,P0085,2505,133.3000,18.7922,1,"Slow Moving"
2022-04,S004,P0070,2770,147.3000,18.8052,1,"Slow Moving"
2022-04,S002,P0149,2961,157.3000,18.8239,1,"Slow Moving"
2022-04,S005,P0096,2481,131.8000,18.8240,1,"Slow Moving"
2022-04,S002,P0070,2424,128.6667,18.8394,1,"Slow Moving"
2022-04,S001,P0083,2776,147.1667,18.8630,1,"Slow Moving"
2022-04,S002,P0129,2654,140.4667,18.8942,1,"Slow Moving"
2022-04,S001,P0125,2766,146.3000,18.9064,1,"Slow Moving"
2022-04,S001,P0016,2588,136.5333,18.9551,1,"Slow Moving"
2022-04,S001,P0153,2689,141.8333,18.9589,1,"Slow Moving"
2022-04,S003,P0083,2783,146.4333,19.0052,1,"Slow Moving"
2022-04,S004,P0083,2605,137.0667,19.0054,1,"Slow Moving"
2022-04,S005,P0070,2513,132.1333,19.0187,1,"Slow Moving"
2022-04,S004,P0068,2829,148.7333,19.0206,1,"Slow Moving"
2022-04,S004,P0133,2720,142.8000,19.0476,1,"Slow Moving"
2022-04,S005,P0016,2687,140.9667,19.0612,1,"Slow Moving"
2022-04,S003,P0031,2438,127.5333,19.1166,1,"Slow Moving"
2022-04,S003,P0153,2649,138.5667,19.1172,2,"Medium Moving"
2022-04,S004,P0166,2715,142.0000,19.1197,2,"Medium Moving"
2022-04,S004,P0178,2351,122.9333,19.1242,2,"Medium Moving"
2022-04,S004,P0171,2502,130.8000,19.1284,2,"Medium Moving"
2022-04,S001,P0183,2901,151.5667,19.1401,2,"Medium Moving"
2022-04,S003,P0068,2497,130.4333,19.1439,2,"Medium Moving"
2022-04,S002,P0031,2644,138.1000,19.1455,2,"Medium Moving"
2022-04,S004,P0159,2840,148.3333,19.1461,2,"Medium Moving"
2022-04,S002,P0178,2859,149.2000,19.1622,2,"Medium Moving"
2022-04,S003,P0125,2776,144.8667,19.1624,2,"Medium Moving"
2022-04,S005,P0069,3088,161.0000,19.1801,2,"Medium Moving"
2022-04,S002,P0057,3057,159.1000,19.2143,2,"Medium Moving"
2022-04,S005,P0125,2681,139.4333,19.2278,2,"Medium Moving"
2022-04,S001,P0070,2424,125.7333,19.2789,2,"Medium Moving"
2022-04,S003,P0183,2892,149.8333,19.3014,2,"Medium Moving"
2022-04,S003,P0061,2804,145.2333,19.3069,2,"Medium Moving"
2022-04,S005,P0175,2924,151.3000,19.3258,2,"Medium Moving"
2022-04,S004,P0096,2842,146.9667,19.3377,2,"Medium Moving"
2022-04,S003,P0046,2814,145.3000,19.3668,2,"Medium Moving"
2022-04,S002,P0085,2633,135.7667,19.3936,2,"Medium Moving"
2022-04,S004,P0085,2732,140.7000,19.4172,2,"Medium Moving"
2022-04,S001,P0166,2824,145.3667,19.4267,2,"Medium Moving"
2022-04,S004,P0079,2774,142.5667,19.4576,2,"Medium Moving"
2022-04,S003,P0133,2520,129.5000,19.4595,2,"Medium Moving"
2022-04,S005,P0116,2750,141.3000,19.4621,2,"Medium Moving"
2022-04,S002,P0066,2632,135.0333,19.4915,2,"Medium Moving"
2022-04,S004,P0129,2601,133.1667,19.5319,2,"Medium Moving"
2022-04,S001,P0061,2766,141.6000,19.5339,2,"Medium Moving"
2022-04,S004,P0016,2617,133.8000,19.5590,2,"Medium Moving"
2022-04,S003,P0017,2617,133.7333,19.5688,2,"Medium Moving"
2022-04,S001,P0178,2967,151.6000,19.5712,2,"Medium Moving"
2022-04,S001,P0096,2913,148.7667,19.5810,2,"Medium Moving"
2022-04,S005,P0046,2564,130.8333,19.5975,2,"Medium Moving"
2022-04,S005,P0183,2678,136.4333,19.6286,2,"Medium Moving"
2022-04,S003,P0096,2992,152.1667,19.6627,2,"Medium Moving"
2022-04,S004,P0067,2933,149.1333,19.6670,2,"Medium Moving"
2022-04,S002,P0079,2836,144.1333,19.6762,2,"Medium Moving"
2022-04,S005,P0126,2640,134.0667,19.6917,2,"Medium Moving"
2022-04,S004,P0031,2707,137.2000,19.7303,2,"Medium Moving"
2022-04,S001,P0079,2953,149.6667,19.7305,2,"Medium Moving"
2022-04,S005,P0129,2702,136.8667,19.7418,2,"Medium Moving"
2022-04,S005,P0031,2615,132.4000,19.7508,2,"Medium Moving"
2022-04,S003,P0149,2373,120.1333,19.7531,2,"Medium Moving"
2022-04,S001,P0175,2815,142.4333,19.7636,2,"Medium Moving"
2022-04,S004,P0175,2885,145.9667,19.7648,2,"Medium Moving"
2022-04,S001,P0094,2751,139.1333,19.7724,2,"Medium Moving"
2022-04,S001,P0066,2846,143.8333,19.7868,2,"Medium Moving"
2022-04,S002,P0175,2615,132.1000,19.7956,2,"Medium Moving"
2022-04,S003,P0094,2876,144.9333,19.8436,2,"Medium Moving"
2022-04,S002,P0166,2698,135.9333,19.8480,2,"Medium Moving"
2022-04,S005,P0153,2765,139.2333,19.8588,3,"Fast Moving"
2022-04,S004,P0061,2676,134.6000,19.8811,3,"Fast Moving"
2022-04,S005,P0187,2673,134.3333,19.8983,3,"Fast Moving"
2022-04,S001,P0046,2982,149.7667,19.9110,3,"Fast Moving"
2022-04,S001,P0067,2524,126.7333,19.9158,3,"Fast Moving"
2022-04,S002,P0016,2720,136.5000,19.9267,3,"Fast Moving"
2022-04,S002,P0061,2770,138.9667,19.9328,3,"Fast Moving"
2022-04,S002,P0183,2550,127.8000,19.9531,3,"Fast Moving"
2022-04,S003,P0016,2747,137.6333,19.9588,3,"Fast Moving"
2022-04,S003,P0069,2833,141.8333,19.9741,3,"Fast Moving"
2022-04,S005,P0094,2820,141.1333,19.9811,3,"Fast Moving"
2022-04,S003,P0159,2695,134.8000,19.9926,3,"Fast Moving"
2022-04,S002,P0096,2565,128.1000,20.0234,3,"Fast Moving"
2022-04,S005,P0079,2806,140.0333,20.0381,3,"Fast Moving"
2022-04,S005,P0159,2490,124.1000,20.0645,3,"Fast Moving"
2022-04,S003,P0079,2791,139.0667,20.0695,3,"Fast Moving"
2022-04,S005,P0083,2910,144.6000,20.1245,3,"Fast Moving"
2022-04,S001,P0159,2676,132.8000,20.1506,3,"Fast Moving"
2022-04,S005,P0133,2723,134.7667,20.2053,3,"Fast Moving"
2022-04,S001,P0017,2828,139.9333,20.2096,3,"Fast Moving"
2022-04,S001,P0133,2727,134.8667,20.2200,3,"Fast Moving"
2022-04,S002,P0069,2632,130.1333,20.2254,3,"Fast Moving"
2022-04,S004,P0116,2660,131.1667,20.2795,3,"Fast Moving"
2022-04,S004,P0057,2755,135.8000,20.2872,3,"Fast Moving"
2022-04,S002,P0046,2864,141.1333,20.2929,3,"Fast Moving"
2022-04,S001,P0116,2986,147.1333,20.2945,3,"Fast Moving"
2022-04,S004,P0046,2739,134.8333,20.3140,3,"Fast Moving"
2022-04,S005,P0017,2919,143.6000,20.3273,3,"Fast Moving"
2022-04,S004,P0187,2722,133.8000,20.3438,3,"Fast Moving"
2022-04,S001,P0126,2825,138.8333,20.3481,3,"Fast Moving"
2022-04,S003,P0166,2734,134.3333,20.3524,3,"Fast Moving"
2022-04,S003,P0171,2700,132.5000,20.3774,3,"Fast Moving"
2022-04,S001,P0149,2776,136.2000,20.3818,3,"Fast Moving"
2022-04,S003,P0116,2849,139.6333,20.4034,3,"Fast Moving"
2022-04,S001,P0068,2658,130.2333,20.4095,3,"Fast Moving"
2022-04,S002,P0153,3032,148.4000,20.4313,3,"Fast Moving"
2022-04,S003,P0187,2759,134.7000,20.4826,3,"Fast Moving"
2022-04,S003,P0126,2894,141.1000,20.5103,3,"Fast Moving"
2022-04,S001,P0187,2801,136.3333,20.5452,3,"Fast Moving"
2022-04,S003,P0057,3294,159.5667,20.6434,3,"Fast Moving"
2022-04,S001,P0129,2853,137.8333,20.6989,3,"Fast Moving"
2022-04,S005,P0061,2766,133.2000,20.7658,3,"Fast Moving"
2022-04,S005,P0066,2944,140.4667,20.9587,3,"Fast Moving"
2022-04,S003,P0085,3074,146.1333,21.0356,3,"Fast Moving"
2022-04,S004,P0149,2664,126.6333,21.0371,3,"Fast Moving"
2022-04,S004,P0125,2858,135.7333,21.0560,3,"Fast Moving"
2022-04,S005,P0057,2977,139.9333,21.2744,3,"Fast Moving"
2022-04,S003,P0066,2890,134.0667,21.5564,3,"Fast Moving"
2022-04,S005,P0067,2979,137.9333,21.5974,3,"Fast Moving"
2022-04,S004,P0017,2966,136.4333,21.7396,3,"Fast Moving"
2022-05,S005,P0068,2234,124.0000,18.0161,1,"Slow Moving"
2022-05,S004,P0061,2649,144.7742,18.2975,1,"Slow Moving"
2022-05,S002,P0031,2305,125.5161,18.3642,1,"Slow Moving"
2022-05,S001,P0068,2511,136.1613,18.4414,1,"Slow Moving"
2022-05,S002,P0096,2627,142.1935,18.4748,1,"Slow Moving"
2022-05,S004,P0068,2803,151.4839,18.5036,1,"Slow Moving"
2022-05,S005,P0016,2767,149.3871,18.5223,1,"Slow Moving"
2022-05,S001,P0178,2463,132.7419,18.5548,1,"Slow Moving"
2022-05,S003,P0187,2718,146.4194,18.5631,1,"Slow Moving"
2022-05,S002,P0175,2619,140.1290,18.6899,1,"Slow Moving"
2022-05,S001,P0031,2680,143.1613,18.7201,1,"Slow Moving"
2022-05,S005,P0085,2633,140.3548,18.7596,1,"Slow Moving"
2022-05,S004,P0171,2782,148.2258,18.7687,1,"Slow Moving"
2022-05,S001,P0171,2658,141.5484,18.7780,1,"Slow Moving"
2022-05,S003,P0085,2342,123.7742,18.9216,1,"Slow Moving"
2022-05,S002,P0126,2557,134.9355,18.9498,1,"Slow Moving"
2022-05,S004,P0129,2471,130.2258,18.9747,1,"Slow Moving"
2022-05,S003,P0159,2397,126.3226,18.9752,1,"Slow Moving"
2022-05,S004,P0016,2898,152.6452,18.9852,1,"Slow Moving"
2022-05,S004,P0066,2743,143.9032,19.0614,1,"Slow Moving"
2022-05,S001,P0069,2703,141.6452,19.0829,1,"Slow Moving"
2022-05,S004,P0153,2978,155.7419,19.1214,1,"Slow Moving"
2022-05,S005,P0070,2864,149.5161,19.1551,1,"Slow Moving"
2022-05,S004,P0046,2864,149.0968,19.2090,1,"Slow Moving"
2022-05,S001,P0126,2650,137.8710,19.2209,1,"Slow Moving"
2022-05,S005,P0061,2861,148.8065,19.2263,1,"Slow Moving"
2022-05,S003,P0126,2423,126.0000,19.2302,1,"Slow Moving"
2022-05,S004,P0017,2730,141.8387,19.2472,1,"Slow Moving"
2022-05,S001,P0066,2615,135.8387,19.2508,1,"Slow Moving"
2022-05,S004,P0126,2625,136.1935,19.2740,1,"Slow Moving"
2022-05,S005,P0057,2747,142.4516,19.2837,1,"Slow Moving"
2022-05,S001,P0149,2729,141.3871,19.3016,1,"Slow Moving"
2022-05,S001,P0083,2821,146.0000,19.3219,1,"Slow Moving"
2022-05,S005,P0133,3048,157.7097,19.3267,1,"Slow Moving"
2022-05,S003,P0031,2782,143.8065,19.3454,1,"Slow Moving"
2022-05,S002,P0183,2704,139.5806,19.3723,1,"Slow Moving"
2022-05,S002,P0070,2759,142.4194,19.3724,1,"Slow Moving"
2022-05,S003,P0079,2861,147.0323,19.4583,1,"Slow Moving"
2022-05,S004,P0057,2895,148.5161,19.4928,1,"Slow Moving"
2022-05,S005,P0175,2948,151.1935,19.4982,1,"Slow Moving"
2022-05,S003,P0175,2656,136.0968,19.5155,1,"Slow Moving"
2022-05,S003,P0066,2948,150.8065,19.5482,1,"Slow Moving"
2022-05,S005,P0159,2808,143.2581,19.6010,1,"Slow Moving"
2022-05,S003,P0069,3005,153.0968,19.6281,1,"Slow Moving"
2022-05,S002,P0129,2681,136.4516,19.6480,1,"Slow Moving"
2022-05,S003,P0116,2677,136.2258,19.6512,1,"Slow Moving"
2022-05,S005,P0129,3005,152.7419,19.6737,1,"Slow Moving"
2022-05,S004,P0067,2920,148.2903,19.6911,1,"Slow Moving"
2022-05,S002,P0057,2633,133.5161,19.7205,1,"Slow Moving"
2022-05,S001,P0159,2519,127.4516,19.7644,1,"Slow Moving"
2022-05,S001,P0116,2666,134.8387,19.7718,2,"Medium Moving"
2022-05,S001,P0096,2784,140.7419,19.7809,2,"Medium Moving"
2022-05,S002,P0017,2804,141.7097,19.7869,2,"Medium Moving"
2022-05,S002,P0083,3025,152.7097,19.8088,2,"Medium Moving"
2022-05,S004,P0133,2840,143.2581,19.8244,2,"Medium Moving"
2022-05,S001,P0017,2856,143.8387,19.8556,2,"Medium Moving"
2022-05,S003,P0068,2598,130.8387,19.8565,2,"Medium Moving"
2022-05,S003,P0083,2936,147.5806,19.8942,2,"Medium Moving"
2022-05,S005,P0125,2727,136.9677,19.9098,2,"Medium Moving"
2022-05,S004,P0096,2754,138.2581,19.9193,2,"Medium Moving"
2022-05,S004,P0159,2710,136.0000,19.9265,2,"Medium Moving"
2022-05,S004,P0031,2678,134.2258,19.9515,2,"Medium Moving"
2022-05,S002,P0016,3271,163.8065,19.9687,2,"Medium Moving"
2022-05,S005,P0067,2947,147.3548,19.9993,2,"Medium Moving"
2022-05,S005,P0153,2964,148.0323,20.0227,2,"Medium Moving"
2022-05,S002,P0149,2746,137.0645,20.0344,2,"Medium Moving"
2022-05,S005,P0066,2825,140.9032,20.0492,2,"Medium Moving"
2022-05,S001,P0079,2869,143.0645,20.0539,2,"Medium Moving"
2022-05,S005,P0083,2690,133.8387,20.0988,2,"Medium Moving"
2022-05,S001,P0175,2860,141.9032,20.1546,2,"Medium Moving"
2022-05,S005,P0096,2547,126.1935,20.1833,2,"Medium Moving"
2022-05,S005,P0126,3052,151.1935,20.1860,2,"Medium Moving"
2022-05,S005,P0079,2807,139.0323,20.1896,2,"Medium Moving"
2022-05,S001,P0183,3060,151.5161,20.1959,2,"Medium Moving"
2022-05,S002,P0171,2837,140.1935,20.2363,2,"Medium Moving"
2022-05,S001,P0133,2607,128.7742,20.2447,2,"Medium Moving"
2022-05,S001,P0067,2641,130.0645,20.3053,2,"Medium Moving"
2022-05,S003,P0125,3157,155.3548,20.3212,2,"Medium Moving"
2022-05,S002,P0116,2765,136.0323,20.3261,2,"Medium Moving"
2022-05,S004,P0183,2825,138.8065,20.3521,2,"Medium Moving"
2022-05,S003,P0133,3034,149.0645,20.3536,2,"Medium Moving"
2022-05,S005,P0069,3042,149.1290,20.3984,2,"Medium Moving"
2022-05,S002,P0069,2941,143.8065,20.4511,2,"Medium Moving"
2022-05,S004,P0149,2977,145.5161,20.4582,2,"Medium Moving"
2022-05,S002,P0046,2851,139.2258,20.4775,2,"Medium Moving"
2022-05,S004,P0125,3222,157.2581,20.4886,2,"Medium Moving"
2022-05,S001,P0016,2953,144.1290,20.4886,2,"Medium Moving"
2022-05,S004,P0083,2812,137.1290,20.5062,2,"Medium Moving"
2022-05,S002,P0067,2857,139.1613,20.5301,2,"Medium Moving"
2022-05,S003,P0171,2673,130.0968,20.5462,2,"Medium Moving"
2022-05,S004,P0070,2590,125.6129,20.6189,2,"Medium Moving"
2022-05,S002,P0061,2816,136.5484,20.6227,2,"Medium Moving"
2022-05,S004,P0187,3024,146.5484,20.6348,2,"Medium Moving"
2022-05,S002,P0068,2371,114.9032,20.6348,2,"Medium Moving"
2022-05,S004,P0079,3143,152.1613,20.6557,2,"Medium Moving"
2022-05,S005,P0183,2954,143.0000,20.6573,2,"Medium Moving"
2022-05,S001,P0125,2813,136.0968,20.6691,2,"Medium Moving"
2022-05,S003,P0067,2899,140.2258,20.6738,2,"Medium Moving"
2022-05,S001,P0070,2715,131.2903,20.6794,2,"Medium Moving"
2022-05,S005,P0116,2700,130.5161,20.6871,2,"Medium Moving"
2022-05,S003,P0178,2752,132.9032,20.7068,3,"Fast Moving"
2022-05,S003,P0061,2969,143.3548,20.7108,3,"Fast Moving"
2022-05,S002,P0094,3610,174.2581,20.7164,3,"Fast Moving"
2022-05,S002,P0178,3044,146.8387,20.7302,3,"Fast Moving"
2022-05,S003,P0183,2937,141.6129,20.7396,3,"Fast Moving"
2022-05,S002,P0079,2850,137.3548,20.7492,3,"Fast Moving"
2022-05,S003,P0017,2991,143.9032,20.7848,3,"Fast Moving"
2022-05,S003,P0046,2958,142.2258,20.7979,3,"Fast Moving"
2022-05,S002,P0085,2966,142.3548,20.8353,3,"Fast Moving"
2022-05,S003,P0016,2697,129.3548,20.8496,3,"Fast Moving"
2022-05,S002,P0187,2729,130.8710,20.8526,3,"Fast Moving"
2022-05,S004,P0094,3785,181.2903,20.8781,3,"Fast Moving"
2022-05,S001,P0057,3029,145.0000,20.8897,3,"Fast Moving"
2022-05,S005,P0046,2899,138.7742,20.8901,3,"Fast Moving"
2022-05,S001,P0046,3013,144.1613,20.9002,3,"Fast Moving"
2022-05,S002,P0133,2657,127.0323,20.9159,3,"Fast Moving"
2022-05,S005,P0149,2944,140.7097,20.9225,3,"Fast Moving"
2022-05,S001,P0153,2918,139.3548,20.9394,3,"Fast Moving"
2022-05,S002,P0153,3113,148.5161,20.9607,3,"Fast Moving"
2022-05,S005,P0187,3024,143.9032,21.0141,3,"Fast Moving"
2022-05,S005,P0171,2612,123.7097,21.1140,3,"Fast Moving"
2022-05,S004,P0085,2923,138.3226,21.1318,3,"Fast Moving"
2022-05,S002,P0066,3126,147.9032,21.1354,3,"Fast Moving"
2022-05,S005,P0094,3349,158.3548,21.1487,3,"Fast Moving"
2022-05,S003,P0096,2594,121.1613,21.4095,3,"Fast Moving"
2022-05,S001,P0085,2907,135.3871,21.4718,3,"Fast Moving"
2022-05,S002,P0159,2834,131.9677,21.4749,3,"Fast Moving"
2022-05,S005,P0031,2849,132.1613,21.5570,3,"Fast Moving"
2022-05,S002,P0125,3053,141.5806,21.5637,3,"Fast Moving"
2022-05,S003,P0129,2893,134.0323,21.5844,3,"Fast Moving"
2022-05,S001,P0129,2992,138.6129,21.5853,3,"Fast Moving"
2022-05,S005,P0166,3617,167.4516,21.6003,3,"Fast Moving"
2022-05,S004,P0175,2721,125.6774,21.6507,3,"Fast Moving"
2022-05,S001,P0187,2596,119.9032,21.6508,3,"Fast Moving"
2022-05,S004,P0116,2962,136.6774,21.6715,3,"Fast Moving"
2022-05,S001,P0166,3707,170.9355,21.6865,3,"Fast Moving"
2022-05,S003,P0057,2866,131.8710,21.7334,3,"Fast Moving"
2022-05,S003,P0153,3015,138.5806,21.7563,3,"Fast Moving"
2022-05,S004,P0178,2835,130.1935,21.7753,3,"Fast Moving"
2022-05,S003,P0166,3584,164.3871,21.8022,3,"Fast Moving"
2022-05,S001,P0061,2746,125.9032,21.8104,3,"Fast Moving"
2022-05,S003,P0149,3033,138.5806,21.8862,3,"Fast Moving"
2022-05,S002,P0166,3806,173.1290,21.9836,3,"Fast Moving"
2022-05,S005,P0178,2942,133.4839,22.0401,3,"Fast Moving"
2022-05,S003,P0094,3775,170.7097,22.1136,3,"Fast Moving"
2022-05,S004,P0166,3531,159.5806,22.1267,3,"Fast Moving"
2022-05,S004,P0069,2975,134.1935,22.1695,3,"Fast Moving"
2022-05,S003,P0070,2713,121.9032,22.2554,3,"Fast Moving"
2022-05,S005,P0017,2991,131.6129,22.7257,3,"Fast Moving"
2022-05,S001,P0094,3414,146.4839,23.3063,3,"Fast Moving"
2022-06,S003,P0096,2516,143.2000,17.5698,1,"Slow Moving"
2022-06,S005,P0083,2579,144.3000,17.8725,1,"Slow Moving"
2022-06,S004,P0116,2739,153.0667,17.8942,1,"Slow Moving"
2022-06,S001,P0069,2302,127.9333,17.9937,1,"Slow Moving"
2022-06,S002,P0153,2507,138.8667,18.0533,1,"Slow Moving"
2022-06,S002,P0096,2449,135.6333,18.0560,1,"Slow Moving"
2022-06,S002,P0171,2328,128.4000,18.1308,1,"Slow Moving"
2022-06,S002,P0183,2646,145.8333,18.1440,1,"Slow Moving"
2022-06,S001,P0096,2445,134.3333,18.2010,1,"Slow Moving"
2022-06,S001,P0116,2429,133.4000,18.2084,1,"Slow Moving"
2022-06,S005,P0079,2852,156.6000,18.2120,1,"Slow Moving"
2022-06,S005,P0057,2778,152.3333,18.2363,1,"Slow Moving"
2022-06,S002,P0085,2623,143.8333,18.2364,1,"Slow Moving"
2022-06,S002,P0057,2498,136.8000,18.2602,1,"Slow Moving"
2022-06,S003,P0183,2221,120.6667,18.4061,1,"Slow Moving"
2022-06,S004,P0083,2617,142.0333,18.4253,1,"Slow Moving"
2022-06,S002,P0061,2657,143.9333,18.4599,1,"Slow Moving"
2022-06,S001,P0175,2563,138.6333,18.4876,1,"Slow Moving"
2022-06,S001,P0070,2669,144.0667,18.5261,1,"Slow Moving"
2022-06,S004,P0175,2540,136.8000,18.5673,1,"Slow Moving"
2022-06,S002,P0031,2699,145.1667,18.5924,1,"Slow Moving"
2022-06,S002,P0079,2726,146.1000,18.6585,1,"Slow Moving"
2022-06,S003,P0153,2673,143.2000,18.6662,1,"Slow Moving"
2022-06,S005,P0133,2722,145.8000,18.6694,1,"Slow Moving"
2022-06,S003,P0070,2385,127.7333,18.6717,1,"Slow Moving"
2022-06,S005,P0171,2583,137.7333,18.7536,1,"Slow Moving"
2022-06,S005,P0068,2583,137.6667,18.7627,1,"Slow Moving"
2022-06,S005,P0066,2543,135.5333,18.7629,1,"Slow Moving"
2022-06,S001,P0171,2522,134.4000,18.7649,1,"Slow Moving"
2022-06,S005,P0046,2642,140.6667,18.7820,1,"Slow Moving"
2022-06,S001,P0159,2666,141.9333,18.7835,1,"Slow Moving"
2022-06,S003,P0178,2801,149.1000,18.7860,1,"Slow Moving"
2022-06,S002,P0129,2716,144.3667,18.8132,1,"Slow Moving"
2022-06,S004,P0068,2838,150.8333,18.8155,1,"Slow Moving"
2022-06,S005,P0016,2699,143.1667,18.8522,1,"Slow Moving"
2022-06,S003,P0133,2670,141.5333,18.8648,1,"Slow Moving"
2022-06,S001,P0126,2628,139.1667,18.8838,1,"Slow Moving"
2022-06,S005,P0125,2525,133.2667,18.9470,1,"Slow Moving"
2022-06,S002,P0126,3008,158.7333,18.9500,1,"Slow Moving"
2022-06,S001,P0068,2672,140.9667,18.9548,1,"Slow Moving"
2022-06,S002,P0116,2607,137.4667,18.9646,1,"Slow Moving"
2022-06,S001,P0079,2550,134.2000,19.0015,1,"Slow Moving"
2022-06,S003,P0187,2929,154.1333,19.0030,1,"Slow Moving"
2022-06,S002,P0133,2419,127.2000,19.0173,1,"Slow Moving"
2022-06,S003,P0069,2832,148.6667,19.0493,1,"Slow Moving"
2022-06,S003,P0175,2538,133.2000,19.0541,1,"Slow Moving"
2022-06,S004,P0126,2520,132.2000,19.0620,1,"Slow Moving"
2022-06,S004,P0079,2587,135.7000,19.0641,1,"Slow Moving"
2022-06,S005,P0070,2601,136.4000,19.0689,1,"Slow Moving"
2022-06,S003,P0149,2839,148.7667,19.0836,1,"Slow Moving"
2022-06,S003,P0017,2590,135.6667,19.0909,2,"Medium Moving"
2022-06,S001,P0061,2807,146.9333,19.1039,2,"Medium Moving"
2022-06,S001,P0085,2724,142.5667,19.1069,2,"Medium Moving"
2022-06,S003,P0125,2796,146.3333,19.1071,2,"Medium Moving"
2022-06,S004,P0085,2622,137.0667,19.1294,2,"Medium Moving"
2022-06,S004,P0178,2481,129.5333,19.1534,2,"Medium Moving"
2022-06,S001,P0129,2546,132.8000,19.1717,2,"Medium Moving"
2022-06,S001,P0178,2628,137.0667,19.1732,2,"Medium Moving"
2022-06,S003,P0126,2700,140.8000,19.1761,2,"Medium Moving"
2022-06,S005,P0061,2916,152.0333,19.1800,2,"Medium Moving"
2022-06,S001,P0067,2926,152.5000,19.1869,2,"Medium Moving"
2022-06,S001,P0133,2870,149.4000,19.2102,2,"Medium Moving"
2022-06,S005,P0116,2818,146.6667,19.2136,2,"Medium Moving"
2022-06,S004,P0031,2457,127.8000,19.2254,2,"Medium Moving"
2022-06,S001,P0031,2628,136.6000,19.2387,2,"Medium Moving"
2022-06,S004,P0183,2602,135.2333,19.2408,2,"Medium Moving"
2022-06,S003,P0061,2747,142.7667,19.2412,2,"Medium Moving"
2022-06,S004,P0016,2655,137.9000,19.2531,2,"Medium Moving"
2022-06,S005,P0129,2755,142.8000,19.2927,2,"Medium Moving"
2022-06,S005,P0031,2670,138.3667,19.2966,2,"Medium Moving"
2022-06,S003,P0016,2901,150.2000,19.3142,2,"Medium Moving"
2022-06,S004,P0171,2631,136.1333,19.3266,2,"Medium Moving"
2022-06,S004,P0125,2435,125.9667,19.3305,2,"Medium Moving"
2022-06,S002,P0046,2665,137.8333,19.3349,2,"Medium Moving"
2022-06,S004,P0017,2625,135.7333,19.3394,2,"Medium Moving"
2022-06,S003,P0171,2733,141.2667,19.3464,2,"Medium Moving"
2022-06,S003,P0159,2697,139.2667,19.3657,2,"Medium Moving"
2022-06,S005,P0149,2706,139.5333,19.3932,2,"Medium Moving"
2022-06,S004,P0153,2861,147.3333,19.4186,2,"Medium Moving"
2022-06,S002,P0017,2772,142.6667,19.4299,2,"Medium Moving"
2022-06,S003,P0066,2670,137.3333,19.4417,2,"Medium Moving"
2022-06,S001,P0125,2825,145.1333,19.4649,2,"Medium Moving"
2022-06,S004,P0129,2877,147.8000,19.4655,2,"Medium Moving"
2022-06,S004,P0067,2767,141.9000,19.4996,2,"Medium Moving"
2022-06,S003,P0085,2524,129.2333,19.5306,2,"Medium Moving"
2022-06,S003,P0129,2737,139.6667,19.5967,2,"Medium Moving"
2022-06,S001,P0046,2829,144.3000,19.6050,2,"Medium Moving"
2022-06,S004,P0061,2847,145.1667,19.6119,2,"Medium Moving"
2022-06,S002,P0068,2698,137.5333,19.6171,2,"Medium Moving"
2022-06,S001,P0016,2799,142.6667,19.6192,2,"Medium Moving"
2022-06,S002,P0069,2875,146.5333,19.6201,2,"Medium Moving"
2022-06,S005,P0175,2807,142.9667,19.6339,2,"Medium Moving"
2022-06,S005,P0126,2625,133.6667,19.6384,2,"Medium Moving"
2022-06,S002,P0159,3163,160.9667,19.6500,2,"Medium Moving"
2022-06,S001,P0183,3043,154.7667,19.6619,2,"Medium Moving"
2022-06,S004,P0046,2801,142.2667,19.6884,2,"Medium Moving"
2022-06,S003,P0116,2693,136.7000,19.7001,2,"Medium Moving"
2022-06,S003,P0046,2787,141.3333,19.7193,2,"Medium Moving"
2022-06,S004,P0187,2716,137.6333,19.7336,2,"Medium Moving"
2022-06,S002,P0016,2968,150.4000,19.7340,2,"Medium Moving"
2022-06,S001,P0153,3075,155.3667,19.7919,3,"Fast Moving"
2022-06,S005,P0187,2785,140.6333,19.8033,3,"Fast Moving"
2022-06,S001,P0017,2439,122.9667,19.8346,3,"Fast Moving"
2022-06,S005,P0183,2563,129.2000,19.8375,3,"Fast Moving"
2022-06,S002,P0083,3041,152.9333,19.8845,3,"Fast Moving"
2022-06,S002,P0066,2701,135.7000,19.9042,3,"Fast Moving"
2022-06,S003,P0068,2473,124.1333,19.9221,3,"Fast Moving"
2022-06,S005,P0159,2748,137.7000,19.9564,3,"Fast Moving"
2022-06,S002,P0070,2741,137.1333,19.9878,3,"Fast Moving"
2022-06,S002,P0187,2799,139.8333,20.0167,3,"Fast Moving"
2022-06,S002,P0178,2909,145.3000,20.0206,3,"Fast Moving"
2022-06,S002,P0149,3070,153.1000,20.0523,3,"Fast Moving"
2022-06,S004,P0096,2712,135.0333,20.0839,3,"Fast Moving"
2022-06,S004,P0070,2649,131.7000,20.1139,3,"Fast Moving"
2022-06,S005,P0085,2746,136.4000,20.1320,3,"Fast Moving"
2022-06,S003,P0057,2917,144.5667,20.1775,3,"Fast Moving"
2022-06,S005,P0096,2925,144.9333,20.1817,3,"Fast Moving"
2022-06,S002,P0067,2950,145.9667,20.2101,3,"Fast Moving"
2022-06,S004,P0159,2428,120.0333,20.2277,3,"Fast Moving"
2022-06,S004,P0057,2885,141.6667,20.3647,3,"Fast Moving"
2022-06,S002,P0166,3446,169.2000,20.3664,3,"Fast Moving"
2022-06,S005,P0067,2963,145.0333,20.4298,3,"Fast Moving"
2022-06,S005,P0017,2560,125.2667,20.4364,3,"Fast Moving"
2022-06,S004,P0149,2689,131.3333,20.4746,3,"Fast Moving"
2022-06,S003,P0031,2770,135.2333,20.4831,3,"Fast Moving"
2022-06,S004,P0069,3015,146.7667,20.5428,3,"Fast Moving"
2022-06,S003,P0083,2762,134.1333,20.5915,3,"Fast Moving"
2022-06,S002,P0094,3384,163.7667,20.6635,3,"Fast Moving"
2022-06,S005,P0153,2891,139.3333,20.7488,3,"Fast Moving"
2022-06,S003,P0067,3130,150.2000,20.8389,3,"Fast Moving"
2022-06,S001,P0187,2954,141.7333,20.8420,3,"Fast Moving"
2022-06,S001,P0094,3431,164.6000,20.8445,3,"Fast Moving"
2022-06,S005,P0178,3166,151.2000,20.9392,3,"Fast Moving"
2022-06,S003,P0079,3016,144.0000,20.9444,3,"Fast Moving"
2022-06,S001,P0066,2767,132.1000,20.9463,3,"Fast Moving"
2022-06,S001,P0057,2891,137.9667,20.9543,3,"Fast Moving"
2022-06,S002,P0125,2954,140.5667,21.0149,3,"Fast Moving"
2022-06,S005,P0094,3382,160.2000,21.1111,3,"Fast Moving"
2022-06,S004,P0066,3078,144.7333,21.2667,3,"Fast Moving"
2022-06,S001,P0166,3417,160.4333,21.2986,3,"Fast Moving"
2022-06,S004,P0133,2877,134.9000,21.3269,3,"Fast Moving"
2022-06,S005,P0069,2837,132.8667,21.3522,3,"Fast Moving"
2022-06,S005,P0166,3463,161.0000,21.5093,3,"Fast Moving"
2022-06,S003,P0166,4191,194.8000,21.5144,3,"Fast Moving"
2022-06,S003,P0094,3786,174.9000,21.6467,3,"Fast Moving"
2022-06,S004,P0166,3607,166.3667,21.6810,3,"Fast Moving"
2022-06,S002,P0175,2861,129.4333,22.1040,3,"Fast Moving"
2022-06,S001,P0083,2659,119.5667,22.2386,3,"Fast Moving"
2022-06,S001,P0149,3230,144.6000,22.3375,3,"Fast Moving"
2022-06,S004,P0094,3702,164.7000,22.4772,3,"Fast Moving"
2022-07,S005,P0079,2486,139.9032,17.7694,1,"Slow Moving"
2022-07,S004,P0016,2579,144.1613,17.8897,1,"Slow Moving"
2022-07,S005,P0031,2398,132.3226,18.1224,1,"Slow Moving"
2022-07,S002,P0175,2560,140.5161,18.2185,1,"Slow Moving"
2022-07,S001,P0116,2867,155.7419,18.4087,1,"Slow Moving"
2022-07,S002,P0116,2737,148.2581,18.4611,1,"Slow Moving"
2022-07,S002,P0031,2474,133.3548,18.5520,1,"Slow Moving"
2022-07,S003,P0061,2643,142.3548,18.5663,1,"Slow Moving"
2022-07,S004,P0096,2877,154.9032,18.5729,1,"Slow Moving"
2022-07,S005,P0171,2418,129.7742,18.6324,1,"Slow Moving"
2022-07,S003,P0068,2407,128.7419,18.6963,1,"Slow Moving"
2022-07,S002,P0016,2910,155.5484,18.7080,1,"Slow Moving"
2022-07,S004,P0068,2516,133.4839,18.8487,1,"Slow Moving"
2022-07,S005,P0096,2734,144.6774,18.8972,1,"Slow Moving"
2022-07,S001,P0046,2849,150.5806,18.9201,1,"Slow Moving"
2022-07,S004,P0116,2576,135.9355,18.9502,1,"Slow Moving"
2022-07,S005,P0183,2712,142.7742,18.9950,1,"Slow Moving"
2022-07,S004,P0079,2541,133.4839,19.0360,1,"Slow Moving"
2022-07,S002,P0067,2677,140.5484,19.0468,1,"Slow Moving"
2022-07,S005,P0175,2462,128.8387,19.1092,1,"Slow Moving"
2022-07,S004,P0183,2724,142.4516,19.1223,1,"Slow Moving"
2022-07,S003,P0183,2407,125.7419,19.1424,1,"Slow Moving"
2022-07,S002,P0096,2985,155.7419,19.1663,1,"Slow Moving"
2022-07,S005,P0085,2643,137.7419,19.1881,1,"Slow Moving"
2022-07,S004,P0159,2798,145.7097,19.2026,1,"Slow Moving"
2022-07,S001,P0187,2571,133.6774,19.2329,1,"Slow Moving"
2022-07,S004,P0126,2808,145.8387,19.2541,1,"Slow Moving"
2022-07,S004,P0085,2837,147.0323,19.2951,1,"Slow Moving"
2022-07,S001,P0183,2928,151.7419,19.2959,1,"Slow Moving"
2022-07,S001,P0096,3046,157.8065,19.3021,1,"Slow Moving"
2022-07,S005,P0126,2851,147.5484,19.3225,1,"Slow Moving"
2022-07,S001,P0069,2469,127.4516,19.3721,1,"Slow Moving"
2022-07,S001,P0061,2792,144.0323,19.3845,1,"Slow Moving"
2022-07,S002,P0046,2913,150.2581,19.3866,1,"Slow Moving"
2022-07,S003,P0116,3092,159.3548,19.4032,1,"Slow Moving"
2022-07,S004,P0187,2967,152.1935,19.4949,1,"Slow Moving"
2022-07,S005,P0069,2842,145.6774,19.5089,1,"Slow Moving"
2022-07,S001,P0133,2918,149.4194,19.5289,1,"Slow Moving"
2022-07,S005,P0068,2709,138.4839,19.5618,1,"Slow Moving"
2022-07,S004,P0178,2816,143.7742,19.5863,1,"Slow Moving"
2022-07,S004,P0171,2973,151.6129,19.6091,1,"Slow Moving"
2022-07,S001,P0070,2675,136.2581,19.6319,1,"Slow Moving"
2022-07,S002,P0126,2825,143.8387,19.6401,1,"Slow Moving"
2022-07,S004,P0031,2764,140.7097,19.6433,1,"Slow Moving"
2022-07,S001,P0057,2763,140.4516,19.6723,1,"Slow Moving"
2022-07,S002,P0057,3059,155.4194,19.6822,1,"Slow Moving"
2022-07,S005,P0187,2945,149.5806,19.6884,1,"Slow Moving"
2022-07,S004,P0046,2947,149.6452,19.6933,1,"Slow Moving"
2022-07,S004,P0057,2980,151.2903,19.6972,1,"Slow Moving"
2022-07,S003,P0159,2644,134.1290,19.7124,1,"Slow Moving"
2022-07,S004,P0175,2970,150.6129,19.7194,2,"Medium Moving"
2022-07,S001,P0079,2915,147.8065,19.7217,2,"Medium Moving"
2022-07,S001,P0083,2772,140.3871,19.7454,2,"Medium Moving"
2022-07,S005,P0057,2645,133.8710,19.7578,2,"Medium Moving"
2022-07,S003,P0066,2798,141.5484,19.7671,2,"Medium Moving"
2022-07,S004,P0066,2856,144.3871,19.7802,2,"Medium Moving"
2022-07,S005,P0083,2661,134.4839,19.7868,2,"Medium Moving"
2022-07,S004,P0133,2820,142.3548,19.8097,2,"Medium Moving"
2022-07,S005,P0125,2708,136.6774,19.8131,2,"Medium Moving"
2022-07,S002,P0017,2877,144.8710,19.8591,2,"Medium Moving"
2022-07,S005,P0159,2692,135.4516,19.8743,2,"Medium Moving"
2022-07,S005,P0067,3035,152.6452,19.8827,2,"Medium Moving"
2022-07,S002,P0061,2775,139.4839,19.8948,2,"Medium Moving"
2022-07,S001,P0175,2635,132.4194,19.8989,2,"Medium Moving"
2022-07,S003,P0175,2368,119.0000,19.8992,2,"Medium Moving"
2022-07,S004,P0070,2737,137.2258,19.9452,2,"Medium Moving"
2022-07,S002,P0187,2745,137.6129,19.9473,2,"Medium Moving"
2022-07,S005,P0149,2731,136.9032,19.9484,2,"Medium Moving"
2022-07,S003,P0149,2888,144.4516,19.9929,2,"Medium Moving"
2022-07,S005,P0017,3045,152.2258,20.0032,2,"Medium Moving"
2022-07,S005,P0016,2953,147.3548,20.0401,2,"Medium Moving"
2022-07,S002,P0178,3008,149.9032,20.0663,2,"Medium Moving"
2022-07,S002,P0125,2741,136.4839,20.0830,2,"Medium Moving"
2022-07,S003,P0171,2548,126.6774,20.1141,2,"Medium Moving"
2022-07,S003,P0153,2869,142.5484,20.1265,2,"Medium Moving"
2022-07,S001,P0017,2910,144.4839,20.1407,2,"Medium Moving"
2022-07,S003,P0046,2794,138.5484,20.1662,2,"Medium Moving"
2022-07,S002,P0068,2669,132.2581,20.1802,2,"Medium Moving"
2022-07,S004,P0067,2672,132.3871,20.1832,2,"Medium Moving"
2022-07,S004,P0129,2711,134.1290,20.2119,2,"Medium Moving"
2022-07,S005,P0133,2717,134.1935,20.2469,2,"Medium Moving"
2022-07,S001,P0171,2711,133.7097,20.2753,2,"Medium Moving"
2022-07,S005,P0066,2774,136.7742,20.2816,2,"Medium Moving"
2022-07,S004,P0061,2689,132.4839,20.2968,2,"Medium Moving"
2022-07,S003,P0125,2932,144.3871,20.3065,2,"Medium Moving"
2022-07,S001,P0153,2918,143.6452,20.3139,2,"Medium Moving"
2022-07,S002,P0066,2808,138.1290,20.3288,2,"Medium Moving"
2022-07,S004,P0083,2659,130.7097,20.3428,2,"Medium Moving"
2022-07,S003,P0083,2993,146.9032,20.3740,2,"Medium Moving"
2022-07,S003,P0129,2856,140.1613,20.3765,2,"Medium Moving"
2022-07,S002,P0079,2505,122.9032,20.3819,2,"Medium Moving"
2022-07,S001,P0129,2826,138.6129,20.3877,2,"Medium Moving"
2022-07,S001,P0085,2973,145.7742,20.3946,2,"Medium Moving"
2022-07,S002,P0085,2671,130.8710,20.4094,2,"Medium Moving"
2022-07,S001,P0126,2692,131.7742,20.4289,2,"Medium Moving"
2022-07,S001,P0149,2888,141.2903,20.4402,2,"Medium Moving"
2022-07,S001,P0125,3067,150.0323,20.4423,2,"Medium Moving"
2022-07,S003,P0187,2793,136.6129,20.4446,2,"Medium Moving"
2022-07,S004,P0017,2840,138.8065,20.4601,2,"Medium Moving"
2022-07,S005,P0061,2951,144.0000,20.4931,2,"Medium Moving"
2022-07,S002,P0129,3111,151.7742,20.4976,3,"Fast Moving"
2022-07,S002,P0069,2928,142.5161,20.5450,3,"Fast Moving"
2022-07,S001,P0031,2745,133.1935,20.6091,3,"Fast Moving"
2022-07,S002,P0149,2776,134.6129,20.6221,3,"Fast Moving"
2022-07,S004,P0149,2738,132.6452,20.6415,3,"Fast Moving"
2022-07,S005,P0166,3459,167.0645,20.7046,3,"Fast Moving"
2022-07,S001,P0068,2634,127.0323,20.7349,3,"Fast Moving"
2022-07,S004,P0125,2785,133.6452,20.8388,3,"Fast Moving"
2022-07,S002,P0159,2893,138.6774,20.8614,3,"Fast Moving"
2022-07,S005,P0070,3058,146.2258,20.9129,3,"Fast Moving"
2022-07,S003,P0085,2612,124.8387,20.9230,3,"Fast Moving"
2022-07,S003,P0178,3028,144.6129,20.9387,3,"Fast Moving"
2022-07,S003,P0166,3668,174.9355,20.9677,3,"Fast Moving"
2022-07,S002,P0183,2791,133.0323,20.9799,3,"Fast Moving"
2022-07,S003,P0067,3187,151.4516,21.0430,3,"Fast Moving"
2022-07,S003,P0069,2732,129.8065,21.0467,3,"Fast Moving"
2022-07,S005,P0153,2805,133.1935,21.0596,3,"Fast Moving"
2022-07,S003,P0070,2846,134.9032,21.0966,3,"Fast Moving"
2022-07,S001,P0066,2996,141.6774,21.1466,3,"Fast Moving"
2022-07,S004,P0166,3510,165.9355,21.1528,3,"Fast Moving"
2022-07,S004,P0153,2933,138.6129,21.1596,3,"Fast Moving"
2022-07,S002,P0133,3068,144.4516,21.2389,3,"Fast Moving"
2022-07,S001,P0159,2579,121.2581,21.2687,3,"Fast Moving"
2022-07,S001,P0178,2968,139.2903,21.3080,3,"Fast Moving"
2022-07,S003,P0079,2931,137.2903,21.3489,3,"Fast Moving"
2022-07,S005,P0129,2765,129.4516,21.3593,3,"Fast Moving"
2022-07,S005,P0178,2971,138.8065,21.4039,3,"Fast Moving"
2022-07,S005,P0116,2596,121.0323,21.4488,3,"Fast Moving"
2022-07,S003,P0031,2989,139.2581,21.4637,3,"Fast Moving"
2022-07,S003,P0017,2917,135.9032,21.4638,3,"Fast Moving"
2022-07,S002,P0083,3158,147.1290,21.4642,3,"Fast Moving"
2022-07,S003,P0133,2773,128.9677,21.5015,3,"Fast Moving"
2022-07,S002,P0171,2980,138.5484,21.5087,3,"Fast Moving"
2022-07,S003,P0016,2852,132.4516,21.5324,3,"Fast Moving"
2022-07,S004,P0069,2863,132.8065,21.5577,3,"Fast Moving"
2022-07,S004,P0094,3701,171.3226,21.6025,3,"Fast Moving"
2022-07,S005,P0046,3200,147.7419,21.6594,3,"Fast Moving"
2022-07,S001,P0067,3240,149.4194,21.6839,3,"Fast Moving"
2022-07,S002,P0153,2766,127.4194,21.7078,3,"Fast Moving"
2022-07,S005,P0094,3712,169.3871,21.9143,3,"Fast Moving"
2022-07,S002,P0166,3450,156.8065,22.0016,3,"Fast Moving"
2022-07,S002,P0094,4080,184.4839,22.1158,3,"Fast Moving"
2022-07,S002,P0070,3212,144.5161,22.2259,3,"Fast Moving"
2022-07,S003,P0057,2887,129.7419,22.2519,3,"Fast Moving"
2022-07,S003,P0094,3710,166.5161,22.2801,3,"Fast Moving"
2022-07,S003,P0096,2933,130.9677,22.3948,3,"Fast Moving"
2022-07,S001,P0016,2978,132.2903,22.5111,3,"Fast Moving"
2022-07,S003,P0126,2828,124.9032,22.6415,3,"Fast Moving"
2022-07,S001,P0166,4259,185.3226,22.9815,3,"Fast Moving"
2022-07,S001,P0094,4121,178.7097,23.0597,3,"Fast Moving"
2022-08,S001,P0031,2350,132.2258,17.7726,1,"Slow Moving"
2022-08,S005,P0171,2533,141.3226,17.9235,1,"Slow Moving"
2022-08,S003,P0183,2524,140.5806,17.9541,1,"Slow Moving"
2022-08,S001,P0178,2661,146.3226,18.1858,1,"Slow Moving"
2022-08,S004,P0070,2548,138.6452,18.3779,1,"Slow Moving"
2022-08,S001,P0159,2537,137.6452,18.4315,1,"Slow Moving"
2022-08,S005,P0031,2501,135.2581,18.4906,1,"Slow Moving"
2022-08,S005,P0175,2811,151.8387,18.5131,1,"Slow Moving"
2022-08,S004,P0149,2623,141.5484,18.5308,1,"Slow Moving"
2022-08,S002,P0068,2291,123.6129,18.5337,1,"Slow Moving"
2022-08,S003,P0175,2406,129.7419,18.5445,1,"Slow Moving"
2022-08,S002,P0066,2472,133.0645,18.5775,1,"Slow Moving"
2022-08,S004,P0126,2881,154.2903,18.6726,1,"Slow Moving"
2022-08,S003,P0070,2556,136.8710,18.6745,1,"Slow Moving"
2022-08,S003,P0085,2596,138.9355,18.6849,1,"Slow Moving"
2022-08,S005,P0016,2714,144.8065,18.7423,1,"Slow Moving"
2022-08,S003,P0116,2719,144.6129,18.8019,1,"Slow Moving"
2022-08,S005,P0159,2319,123.0000,18.8537,1,"Slow Moving"
2022-08,S004,P0017,2732,144.7742,18.8708,1,"Slow Moving"
2022-08,S003,P0094,2833,149.5161,18.9478,1,"Slow Moving"
2022-08,S003,P0083,2769,145.9032,18.9783,1,"Slow Moving"
2022-08,S001,P0061,2657,139.4194,19.0576,1,"Slow Moving"
2022-08,S003,P0031,2249,117.7097,19.1063,1,"Slow Moving"
2022-08,S004,P0085,2470,129.0323,19.1425,1,"Slow Moving"
2022-08,S004,P0031,2472,129.0968,19.1484,1,"Slow Moving"
2022-08,S001,P0187,2823,147.1290,19.1872,1,"Slow Moving"
2022-08,S002,P0166,2969,154.6452,19.1988,1,"Slow Moving"
2022-08,S004,P0129,2654,138.1290,19.2139,1,"Slow Moving"
2022-08,S001,P0094,2793,145.3548,19.2150,1,"Slow Moving"
2022-08,S005,P0096,2887,150.0323,19.2425,1,"Slow Moving"
2022-08,S005,P0183,2550,132.3226,19.2711,1,"Slow Moving"
2022-08,S005,P0126,2704,140.1290,19.2965,1,"Slow Moving"
2022-08,S003,P0068,2656,137.5161,19.3141,1,"Slow Moving"
2022-08,S003,P0153,2661,137.7742,19.3142,1,"Slow Moving"
2022-08,S004,P0068,2649,137.0645,19.3267,1,"Slow Moving"
2022-08,S002,P0183,2851,147.3226,19.3521,1,"Slow Moving"
2022-08,S004,P0175,2527,130.0968,19.4240,1,"Slow Moving"
2022-08,S001,P0017,2982,153.4516,19.4328,1,"Slow Moving"
2022-08,S003,P0069,2975,152.9677,19.4485,1,"Slow Moving"
2022-08,S002,P0016,2747,141.2258,19.4511,1,"Slow Moving"
2022-08,S004,P0057,2767,142.1935,19.4594,1,"Slow Moving"
2022-08,S003,P0061,2603,133.6452,19.4769,1,"Slow Moving"
2022-08,S005,P0133,2803,143.7419,19.5002,1,"Slow Moving"
2022-08,S001,P0068,2538,130.1290,19.5037,1,"Slow Moving"
2022-08,S001,P0153,2633,134.6774,19.5504,1,"Slow Moving"
2022-08,S001,P0133,2644,135.2258,19.5525,1,"Slow Moving"
2022-08,S005,P0070,2767,141.4839,19.5570,1,"Slow Moving"
2022-08,S002,P0046,2895,147.7097,19.5993,1,"Slow Moving"
2022-08,S004,P0096,2985,152.0968,19.6257,1,"Slow Moving"
2022-08,S001,P0125,3130,159.2258,19.6576,1,"Slow Moving"
2022-08,S001,P0067,2696,137.1290,19.6603,2,"Medium Moving"
2022-08,S004,P0178,2617,132.8387,19.7006,2,"Medium Moving"
2022-08,S002,P0096,3023,153.3548,19.7125,2,"Medium Moving"
2022-08,S005,P0017,2634,133.5484,19.7232,2,"Medium Moving"
2022-08,S003,P0016,2599,131.7419,19.7280,2,"Medium Moving"
2022-08,S003,P0187,2796,141.5806,19.7485,2,"Medium Moving"
2022-08,S001,P0149,2746,139.0323,19.7508,2,"Medium Moving"
2022-08,S005,P0068,2542,128.3871,19.7995,2,"Medium Moving"
2022-08,S005,P0083,2578,130.1613,19.8062,2,"Medium Moving"
2022-08,S002,P0159,2758,139.1613,19.8187,2,"Medium Moving"
2022-08,S004,P0159,2354,118.7419,19.8245,2,"Medium Moving"
2022-08,S001,P0085,2656,133.9677,19.8257,2,"Medium Moving"
2022-08,S002,P0187,2878,145.1613,19.8262,2,"Medium Moving"
2022-08,S002,P0126,2636,132.9355,19.8292,2,"Medium Moving"
2022-08,S004,P0133,3034,152.6452,19.8762,2,"Medium Moving"
2022-08,S004,P0187,2692,135.4194,19.8790,2,"Medium Moving"
2022-08,S001,P0166,2827,142.0645,19.8994,2,"Medium Moving"
2022-08,S005,P0061,2980,149.4516,19.9396,2,"Medium Moving"
2022-08,S005,P0129,2892,145.0323,19.9404,2,"Medium Moving"
2022-08,S003,P0166,2692,135.0000,19.9407,2,"Medium Moving"
2022-08,S003,P0057,3098,155.3226,19.9456,2,"Medium Moving"
2022-08,S003,P0067,2587,129.6452,19.9545,2,"Medium Moving"
2022-08,S002,P0125,2712,135.7419,19.9791,2,"Medium Moving"
2022-08,S001,P0079,3183,159.2581,19.9864,2,"Medium Moving"
2022-08,S001,P0171,2990,149.4194,20.0108,2,"Medium Moving"
2022-08,S005,P0085,2291,114.4516,20.0172,2,"Medium Moving"
2022-08,S003,P0046,2633,131.3226,20.0499,2,"Medium Moving"
2022-08,S002,P0070,2868,143.0323,20.0514,2,"Medium Moving"
2022-08,S002,P0069,2728,135.9677,20.0636,2,"Medium Moving"
2022-08,S003,P0126,2670,133.0323,20.0703,2,"Medium Moving"
2022-08,S005,P0149,2654,132.0645,20.0962,2,"Medium Moving"
2022-08,S002,P0083,2533,126.0000,20.1032,2,"Medium Moving"
2022-08,S003,P0149,2744,136.4516,20.1097,2,"Medium Moving"
2022-08,S001,P0183,2828,140.5161,20.1258,2,"Medium Moving"
2022-08,S003,P0096,2849,141.5484,20.1274,2,"Medium Moving"
2022-08,S004,P0067,2785,138.2258,20.1482,2,"Medium Moving"
2022-08,S005,P0178,2782,137.9677,20.1641,2,"Medium Moving"
2022-08,S001,P0116,2891,143.3548,20.1667,2,"Medium Moving"
2022-08,S001,P0070,2699,133.7742,20.1758,2,"Medium Moving"
2022-08,S004,P0116,3153,155.9677,20.2157,2,"Medium Moving"
2022-08,S002,P0171,2853,141.0323,20.2294,2,"Medium Moving"
2022-08,S001,P0126,3061,151.1935,20.2456,2,"Medium Moving"
2022-08,S005,P0057,3099,153.0000,20.2549,2,"Medium Moving"
2022-08,S002,P0133,2562,126.4516,20.2607,2,"Medium Moving"
2022-08,S004,P0066,2512,123.9677,20.2633,2,"Medium Moving"
2022-08,S004,P0094,2733,134.8710,20.2638,2,"Medium Moving"
2022-08,S005,P0067,2692,132.7097,20.2849,2,"Medium Moving"
2022-08,S004,P0079,2852,140.2258,20.3386,2,"Medium Moving"
2022-08,S002,P0129,2861,140.6452,20.3420,2,"Medium Moving"
2022-08,S002,P0017,3249,159.7097,20.3432,2,"Medium Moving"
2022-08,S003,P0125,2850,139.9677,20.3618,3,"Fast Moving"
2022-08,S005,P0094,3149,154.2581,20.4138,3,"Fast Moving"
2022-08,S005,P0125,2992,146.1935,20.4660,3,"Fast Moving"
2022-08,S004,P0046,3156,154.0000,20.4935,3,"Fast Moving"
2022-08,S002,P0085,2894,141.0968,20.5107,3,"Fast Moving"
2022-08,S001,P0016,3065,149.4194,20.5127,3,"Fast Moving"
2022-08,S002,P0149,2992,145.8387,20.5158,3,"Fast Moving"
2022-08,S002,P0178,2824,137.4839,20.5406,3,"Fast Moving"
2022-08,S004,P0125,2995,145.7097,20.5546,3,"Fast Moving"
2022-08,S005,P0046,3145,152.8387,20.5772,3,"Fast Moving"
2022-08,S005,P0166,2859,138.7742,20.6018,3,"Fast Moving"
2022-08,S002,P0057,2867,138.9355,20.6355,3,"Fast Moving"
2022-08,S002,P0079,3002,145.2258,20.6713,3,"Fast Moving"
2022-08,S002,P0153,2630,127.1613,20.6824,3,"Fast Moving"
2022-08,S003,P0159,2900,140.0000,20.7143,3,"Fast Moving"
2022-08,S005,P0069,2808,135.1935,20.7702,3,"Fast Moving"
2022-08,S002,P0175,2537,122.0000,20.7951,3,"Fast Moving"
2022-08,S002,P0094,2741,131.7742,20.8007,3,"Fast Moving"
2022-08,S002,P0061,3067,147.3548,20.8137,3,"Fast Moving"
2022-08,S003,P0066,3048,146.1935,20.8491,3,"Fast Moving"
2022-08,S001,P0066,2544,121.9677,20.8580,3,"Fast Moving"
2022-08,S001,P0175,2894,138.5806,20.8831,3,"Fast Moving"
2022-08,S005,P0066,3090,147.9355,20.8875,3,"Fast Moving"
2022-08,S004,P0016,2930,140.2581,20.8901,3,"Fast Moving"
2022-08,S001,P0046,3057,146.1935,20.9106,3,"Fast Moving"
2022-08,S005,P0187,2893,138.3226,20.9149,3,"Fast Moving"
2022-08,S001,P0083,2792,133.2258,20.9569,3,"Fast Moving"
2022-08,S004,P0061,3049,144.9355,21.0369,3,"Fast Moving"
2022-08,S002,P0031,3208,152.3871,21.0517,3,"Fast Moving"
2022-08,S001,P0096,3269,155.1290,21.0728,3,"Fast Moving"
2022-08,S005,P0116,3147,148.7742,21.1529,3,"Fast Moving"
2022-08,S002,P0067,2712,127.8710,21.2089,3,"Fast Moving"
2022-08,S002,P0116,2906,136.6774,21.2617,3,"Fast Moving"
2022-08,S005,P0079,2789,131.1613,21.2639,3,"Fast Moving"
2022-08,S003,P0171,2932,137.2581,21.3612,3,"Fast Moving"
2022-08,S004,P0171,2752,128.7097,21.3815,3,"Fast Moving"
2022-08,S003,P0129,2693,125.4839,21.4609,3,"Fast Moving"
2022-08,S001,P0057,3310,154.0968,21.4800,3,"Fast Moving"
2022-08,S004,P0083,2840,132.1613,21.4889,3,"Fast Moving"
2022-08,S004,P0166,3190,147.5484,21.6200,3,"Fast Moving"
2022-08,S003,P0178,2997,138.4194,21.6516,3,"Fast Moving"
2022-08,S003,P0017,3044,140.3871,21.6829,3,"Fast Moving"
2022-08,S004,P0069,3055,140.4194,21.7563,3,"Fast Moving"
2022-08,S001,P0069,3203,146.9355,21.7987,3,"Fast Moving"
2022-08,S003,P0079,3015,137.6452,21.9041,3,"Fast Moving"
2022-08,S003,P0133,3015,137.4516,21.9350,3,"Fast Moving"
2022-08,S004,P0183,2848,129.4194,22.0060,3,"Fast Moving"
2022-08,S005,P0153,2941,132.0645,22.2694,3,"Fast Moving"
2022-08,S001,P0129,3168,142.0645,22.2997,3,"Fast Moving"
2022-08,S004,P0153,2916,127.1613,22.9315,3,"Fast Moving"
2022-09,S002,P0057,2466,144.3333,17.0855,1,"Slow Moving"
2022-09,S001,P0133,2631,151.6667,17.3473,1,"Slow Moving"
2022-09,S002,P0126,2829,160.7667,17.5969,1,"Slow Moving"
2022-09,S005,P0187,2733,154.0333,17.7429,1,"Slow Moving"
2022-09,S002,P0069,2375,133.6333,17.7725,1,"Slow Moving"
2022-09,S003,P0116,2440,136.6667,17.8537,1,"Slow Moving"
2022-09,S001,P0149,2582,144.1333,17.9140,1,"Slow Moving"
2022-09,S005,P0068,2623,146.1333,17.9494,1,"Slow Moving"
2022-09,S003,P0133,2621,145.9667,17.9562,1,"Slow Moving"
2022-09,S001,P0175,2501,136.8000,18.2822,1,"Slow Moving"
2022-09,S002,P0116,2379,130.0667,18.2906,1,"Slow Moving"
2022-09,S002,P0070,2187,119.2333,18.3422,1,"Slow Moving"
2022-09,S005,P0171,2592,141.3000,18.3439,1,"Slow Moving"
2022-09,S005,P0126,2780,151.5333,18.3458,1,"Slow Moving"
2022-09,S003,P0171,2812,153.2000,18.3551,1,"Slow Moving"
2022-09,S003,P0166,2856,155.1333,18.4100,1,"Slow Moving"
2022-09,S004,P0046,2594,140.4000,18.4758,1,"Slow Moving"
2022-09,S005,P0017,2823,152.6000,18.4993,1,"Slow Moving"
2022-09,S002,P0187,2715,146.6667,18.5114,1,"Slow Moving"
2022-09,S005,P0085,2462,132.9667,18.5159,1,"Slow Moving"
2022-09,S003,P0125,2658,143.4667,18.5270,1,"Slow Moving"
2022-09,S001,P0031,2195,118.1667,18.5755,1,"Slow Moving"
2022-09,S003,P0067,2951,158.4667,18.6222,1,"Slow Moving"
2022-09,S002,P0017,2550,136.6000,18.6676,1,"Slow Moving"
2022-09,S004,P0079,2607,139.6333,18.6703,1,"Slow Moving"
2022-09,S003,P0178,2641,141.2667,18.6951,1,"Slow Moving"
2022-09,S001,P0094,2737,146.3000,18.7081,1,"Slow Moving"
2022-09,S001,P0085,2505,133.8667,18.7126,1,"Slow Moving"
2022-09,S005,P0133,2776,148.3000,18.7188,1,"Slow Moving"
2022-09,S004,P0070,2676,142.6667,18.7570,1,"Slow Moving"
2022-09,S004,P0085,2358,125.7000,18.7589,1,"Slow Moving"
2022-09,S002,P0046,2603,138.7333,18.7626,1,"Slow Moving"
2022-09,S002,P0166,2352,125.2667,18.7759,1,"Slow Moving"
2022-09,S003,P0183,2420,128.7667,18.7937,1,"Slow Moving"
2022-09,S001,P0153,2691,143.1667,18.7963,1,"Slow Moving"
2022-09,S004,P0129,2762,146.8000,18.8147,1,"Slow Moving"
2022-09,S002,P0153,2646,140.3333,18.8551,1,"Slow Moving"
2022-09,S004,P0031,2396,127.0333,18.8612,1,"Slow Moving"
2022-09,S001,P0057,2852,151.1333,18.8708,1,"Slow Moving"
2022-09,S001,P0070,2642,139.7667,18.9029,1,"Slow Moving"
2022-09,S001,P0046,2751,145.4000,18.9202,1,"Slow Moving"
2022-09,S002,P0171,2547,134.5000,18.9368,1,"Slow Moving"
2022-09,S002,P0083,2631,138.7333,18.9644,1,"Slow Moving"
2022-09,S002,P0175,2700,142.3333,18.9696,1,"Slow Moving"
2022-09,S001,P0183,2797,147.2333,18.9971,1,"Slow Moving"
2022-09,S005,P0096,2909,153.1000,19.0007,1,"Slow Moving"
2022-09,S002,P0016,2667,140.3000,19.0093,1,"Slow Moving"
2022-09,S002,P0125,2794,146.8000,19.0327,1,"Slow Moving"
2022-09,S004,P0149,2830,148.6667,19.0359,1,"Slow Moving"
2022-09,S005,P0069,2920,153.3667,19.0393,1,"Slow Moving"
2022-09,S002,P0031,2845,149.3667,19.0471,2,"Medium Moving"
2022-09,S005,P0159,2785,146.1000,19.0623,2,"Medium Moving"
2022-09,S003,P0094,2421,127.0000,19.0630,2,"Medium Moving"
2022-09,S001,P0125,2689,141.0000,19.0709,2,"Medium Moving"
2022-09,S001,P0126,2716,142.4000,19.0730,2,"Medium Moving"
2022-09,S003,P0061,2604,136.5000,19.0769,2,"Medium Moving"
2022-09,S001,P0079,2713,141.8667,19.1236,2,"Medium Moving"
2022-09,S004,P0061,2528,131.8333,19.1757,2,"Medium Moving"
2022-09,S005,P0125,2605,135.7333,19.1920,2,"Medium Moving"
2022-09,S003,P0175,2426,126.2333,19.2184,2,"Medium Moving"
2022-09,S004,P0166,2916,151.6667,19.2264,2,"Medium Moving"
2022-09,S002,P0159,2556,132.6333,19.2712,2,"Medium Moving"
2022-09,S003,P0070,2588,134.1333,19.2942,2,"Medium Moving"
2022-09,S002,P0183,2801,145.0667,19.3084,2,"Medium Moving"
2022-09,S001,P0166,2871,148.6333,19.3160,2,"Medium Moving"
2022-09,S004,P0126,2801,144.8667,19.3350,2,"Medium Moving"
2022-09,S005,P0061,2636,136.3000,19.3397,2,"Medium Moving"
2022-09,S002,P0094,3060,158.0333,19.3630,2,"Medium Moving"
2022-09,S005,P0175,2719,140.4000,19.3661,2,"Medium Moving"
2022-09,S002,P0133,2830,146.0000,19.3836,2,"Medium Moving"
2022-09,S001,P0178,2865,147.7667,19.3887,2,"Medium Moving"
2022-09,S002,P0067,3039,156.7333,19.3896,2,"Medium Moving"
2022-09,S001,P0066,2874,148.1333,19.4014,2,"Medium Moving"
2022-09,S003,P0068,2419,124.6667,19.4037,2,"Medium Moving"
2022-09,S001,P0061,2674,137.7667,19.4096,2,"Medium Moving"
2022-09,S004,P0069,2963,152.6000,19.4168,2,"Medium Moving"
2022-09,S004,P0175,2776,142.8333,19.4352,2,"Medium Moving"
2022-09,S004,P0187,2783,142.9333,19.4706,2,"Medium Moving"
2022-09,S005,P0116,2713,139.3000,19.4760,2,"Medium Moving"
2022-09,S005,P0083,2630,135.0333,19.4767,2,"Medium Moving"
2022-09,S004,P0096,3093,158.7667,19.4814,2,"Medium Moving"
2022-09,S002,P0061,2515,129.0667,19.4861,2,"Medium Moving"
2022-09,S003,P0083,2860,146.6667,19.5000,2,"Medium Moving"
2022-09,S002,P0066,2817,144.3333,19.5173,2,"Medium Moving"
2022-09,S005,P0070,2770,141.9000,19.5208,2,"Medium Moving"
2022-09,S002,P0068,2903,148.3000,19.5752,2,"Medium Moving"
2022-09,S004,P0153,2728,139.3000,19.5836,2,"Medium Moving"
2022-09,S002,P0096,2843,145.1333,19.5889,2,"Medium Moving"
2022-09,S003,P0085,2930,149.3000,19.6249,2,"Medium Moving"
2022-09,S004,P0133,3252,165.6000,19.6377,2,"Medium Moving"
2022-09,S001,P0016,2718,138.3333,19.6482,2,"Medium Moving"
2022-09,S004,P0094,2841,144.3333,19.6836,2,"Medium Moving"
2022-09,S001,P0083,2540,129.0333,19.6848,2,"Medium Moving"
2022-09,S003,P0031,2510,127.5000,19.6863,2,"Medium Moving"
2022-09,S005,P0046,2780,141.1000,19.7023,2,"Medium Moving"
2022-09,S004,P0171,2880,145.8667,19.7441,2,"Medium Moving"
2022-09,S002,P0178,2903,146.9000,19.7617,2,"Medium Moving"
2022-09,S005,P0031,2973,150.2333,19.7892,2,"Medium Moving"
2022-09,S003,P0159,2535,127.9333,19.8150,2,"Medium Moving"
2022-09,S005,P0079,2967,149.7000,19.8196,2,"Medium Moving"
2022-09,S005,P0057,2664,134.3667,19.8263,3,"Fast Moving"
2022-09,S002,P0149,2714,136.7667,19.8440,3,"Fast Moving"
2022-09,S005,P0094,2852,143.5333,19.8699,3,"Fast Moving"
2022-09,S004,P0125,2799,140.8333,19.8746,3,"Fast Moving"
2022-09,S005,P0067,2962,148.6667,19.9238,3,"Fast Moving"
2022-09,S004,P0067,2922,146.3333,19.9681,3,"Fast Moving"
2022-09,S001,P0187,2850,142.3667,20.0187,3,"Fast Moving"
2022-09,S004,P0066,2697,134.5000,20.0520,3,"Fast Moving"
2022-09,S005,P0166,2739,136.5000,20.0659,3,"Fast Moving"
2022-09,S005,P0129,3006,149.6000,20.0936,3,"Fast Moving"
2022-09,S001,P0069,2788,138.6667,20.1058,3,"Fast Moving"
2022-09,S003,P0126,2598,129.1667,20.1135,3,"Fast Moving"
2022-09,S001,P0068,2583,128.3000,20.1325,3,"Fast Moving"
2022-09,S001,P0116,2966,147.0333,20.1723,3,"Fast Moving"
2022-09,S005,P0016,2646,131.1000,20.1831,3,"Fast Moving"
2022-09,S004,P0116,3230,160.0000,20.1875,3,"Fast Moving"
2022-09,S003,P0066,2965,146.7667,20.2021,3,"Fast Moving"
2022-09,S004,P0178,2899,143.3333,20.2256,3,"Fast Moving"
2022-09,S003,P0046,3246,160.1333,20.2706,3,"Fast Moving"
2022-09,S004,P0159,2700,133.1000,20.2855,3,"Fast Moving"
2022-09,S003,P0096,2891,142.4667,20.2925,3,"Fast Moving"
2022-09,S004,P0068,2881,141.9667,20.2935,3,"Fast Moving"
2022-09,S003,P0016,2754,135.4667,20.3297,3,"Fast Moving"
2022-09,S003,P0069,3015,148.3000,20.3304,3,"Fast Moving"
2022-09,S005,P0149,3137,153.7333,20.4055,3,"Fast Moving"
2022-09,S004,P0017,2850,139.6333,20.4106,3,"Fast Moving"
2022-09,S003,P0129,2704,132.0333,20.4797,3,"Fast Moving"
2022-09,S005,P0183,3025,146.8667,20.5969,3,"Fast Moving"
2022-09,S004,P0083,2919,141.4000,20.6436,3,"Fast Moving"
2022-09,S001,P0017,2869,138.5667,20.7048,3,"Fast Moving"
2022-09,S005,P0178,2878,139.0000,20.7050,3,"Fast Moving"
2022-09,S004,P0016,3154,152.2333,20.7182,3,"Fast Moving"
2022-09,S005,P0066,2841,137.0667,20.7271,3,"Fast Moving"
2022-09,S001,P0171,2828,136.4000,20.7331,3,"Fast Moving"
2022-09,S001,P0067,2914,140.3000,20.7698,3,"Fast Moving"
2022-09,S001,P0159,2752,132.3667,20.7907,3,"Fast Moving"
2022-09,S003,P0079,2737,131.6333,20.7926,3,"Fast Moving"
2022-09,S002,P0079,3009,144.5000,20.8235,3,"Fast Moving"
2022-09,S003,P0149,2996,143.7000,20.8490,3,"Fast Moving"
2022-09,S005,P0153,3092,148.0667,20.8825,3,"Fast Moving"
2022-09,S004,P0057,2657,127.0667,20.9103,3,"Fast Moving"
2022-09,S003,P0187,2680,127.9000,20.9539,3,"Fast Moving"
2022-09,S003,P0017,3189,152.1333,20.9619,3,"Fast Moving"
2022-09,S003,P0153,2884,137.4667,20.9796,3,"Fast Moving"
2022-09,S004,P0183,2610,124.3333,20.9920,3,"Fast Moving"
2022-09,S003,P0057,2877,136.1333,21.1337,3,"Fast Moving"
2022-09,S001,P0129,3032,143.2667,21.1633,3,"Fast Moving"
2022-09,S002,P0129,2959,138.9667,21.2929,3,"Fast Moving"
2022-09,S002,P0085,2699,126.2000,21.3867,3,"Fast Moving"
2022-09,S001,P0096,2771,128.7333,21.5251,3,"Fast Moving"
2022-10,S002,P0031,2351,131.7419,17.8455,1,"Slow Moving"
2022-10,S003,P0068,2216,123.3548,17.9644,1,"Slow Moving"
2022-10,S004,P0070,2740,152.2903,17.9920,1,"Slow Moving"
2022-10,S005,P0069,2463,134.9355,18.2532,1,"Slow Moving"
2022-10,S002,P0070,2561,138.5161,18.4888,1,"Slow Moving"
2022-10,S003,P0175,2649,143.1935,18.4994,1,"Slow Moving"
2022-10,S005,P0149,2603,139.9032,18.6057,1,"Slow Moving"
2022-10,S005,P0070,2562,137.1935,18.6743,1,"Slow Moving"
2022-10,S003,P0126,2749,146.9032,18.7130,1,"Slow Moving"
2022-10,S003,P0070,2480,132.2903,18.7466,1,"Slow Moving"
2022-10,S005,P0153,2664,142.0323,18.7563,1,"Slow Moving"
2022-10,S002,P0085,2478,132.0645,18.7636,1,"Slow Moving"
2022-10,S001,P0149,2725,143.6129,18.9746,1,"Slow Moving"
2022-10,S003,P0187,2842,149.5806,18.9998,1,"Slow Moving"
2022-10,S005,P0068,2500,131.5484,19.0044,1,"Slow Moving"
2022-10,S001,P0068,2742,144.2258,19.0119,1,"Slow Moving"
2022-10,S005,P0166,2779,145.5161,19.0975,1,"Slow Moving"
2022-10,S003,P0061,3071,160.1613,19.1744,1,"Slow Moving"
2022-10,S005,P0067,2932,152.7097,19.1998,1,"Slow Moving"
2022-10,S004,P0171,2657,138.3226,19.2087,1,"Slow Moving"
2022-10,S004,P0153,2701,140.6129,19.2088,1,"Slow Moving"
2022-10,S004,P0031,2468,128.4516,19.2135,1,"Slow Moving"
2022-10,S002,P0159,2404,124.6774,19.2818,1,"Slow Moving"
2022-10,S004,P0067,2511,129.9677,19.3202,1,"Slow Moving"
2022-10,S002,P0129,2853,147.6129,19.3276,1,"Slow Moving"
2022-10,S002,P0079,2576,133.2581,19.3309,1,"Slow Moving"
2022-10,S001,P0070,2599,134.4194,19.3350,1,"Slow Moving"
2022-10,S005,P0057,2744,141.9032,19.3371,1,"Slow Moving"
2022-10,S001,P0171,2749,142.1613,19.3372,1,"Slow Moving"
2022-10,S003,P0017,2889,149.2581,19.3557,1,"Slow Moving"
2022-10,S001,P0096,2515,129.8065,19.3750,1,"Slow Moving"
2022-10,S003,P0057,2821,145.5161,19.3862,1,"Slow Moving"
2022-10,S004,P0133,2723,140.3226,19.4053,1,"Slow Moving"
2022-10,S004,P0085,2895,148.9032,19.4422,1,"Slow Moving"
2022-10,S004,P0016,2816,144.8387,19.4423,1,"Slow Moving"
2022-10,S004,P0046,2555,131.3226,19.4559,1,"Slow Moving"
2022-10,S004,P0129,2565,131.7097,19.4747,1,"Slow Moving"
2022-10,S003,P0031,2735,140.3548,19.4863,1,"Slow Moving"
2022-10,S002,P0133,3151,161.6452,19.4933,1,"Slow Moving"
2022-10,S003,P0159,2868,146.8710,19.5273,1,"Slow Moving"
2022-10,S003,P0125,2925,149.7419,19.5336,1,"Slow Moving"
2022-10,S003,P0046,2728,139.6452,19.5352,1,"Slow Moving"
2022-10,S001,P0129,3035,155.0323,19.5766,1,"Slow Moving"
2022-10,S005,P0175,2556,130.4839,19.5886,1,"Slow Moving"
2022-10,S004,P0066,2975,151.6452,19.6182,1,"Slow Moving"
2022-10,S001,P0183,2537,129.2581,19.6274,1,"Slow Moving"
2022-10,S002,P0016,2627,133.6774,19.6518,1,"Slow Moving"
2022-10,S005,P0129,2978,151.4839,19.6589,1,"Slow Moving"
2022-10,S002,P0116,2937,149.3548,19.6646,1,"Slow Moving"
2022-10,S001,P0166,2861,145.3548,19.6829,1,"Slow Moving"
2022-10,S002,P0067,2766,140.4516,19.6936,2,"Medium Moving"
2022-10,S002,P0061,2717,137.9355,19.6976,2,"Medium Moving"
2022-10,S005,P0016,2809,142.5484,19.7056,2,"Medium Moving"
2022-10,S002,P0149,2714,137.5161,19.7359,2,"Medium Moving"
2022-10,S001,P0061,2632,133.2581,19.7511,2,"Medium Moving"
2022-10,S004,P0116,3103,157.0968,19.7522,2,"Medium Moving"
2022-10,S005,P0183,2637,133.4839,19.7552,2,"Medium Moving"
2022-10,S003,P0153,2724,137.8387,19.7622,2,"Medium Moving"
2022-10,S002,P0126,2942,148.7097,19.7835,2,"Medium Moving"
2022-10,S004,P0068,2717,137.1613,19.8088,2,"Medium Moving"
2022-10,S002,P0178,2717,137.0645,19.8228,2,"Medium Moving"
2022-10,S002,P0187,2998,151.0645,19.8458,2,"Medium Moving"
2022-10,S003,P0166,2612,131.6129,19.8461,2,"Medium Moving"
2022-10,S001,P0094,2945,148.3226,19.8554,2,"Medium Moving"
2022-10,S001,P0159,2809,141.4516,19.8584,2,"Medium Moving"
2022-10,S005,P0133,3048,153.4839,19.8588,2,"Medium Moving"
2022-10,S003,P0129,2942,148.0000,19.8784,2,"Medium Moving"
2022-10,S004,P0069,2876,144.5806,19.8920,2,"Medium Moving"
2022-10,S005,P0171,2710,136.0323,19.9217,2,"Medium Moving"
2022-10,S001,P0066,2650,132.9677,19.9296,2,"Medium Moving"
2022-10,S003,P0149,2831,142.0323,19.9321,2,"Medium Moving"
2022-10,S002,P0066,2854,143.0000,19.9580,2,"Medium Moving"
2022-10,S005,P0066,2890,144.7742,19.9621,2,"Medium Moving"
2022-10,S001,P0079,2938,147.0645,19.9776,2,"Medium Moving"
2022-10,S003,P0171,2912,145.7419,19.9805,2,"Medium Moving"
2022-10,S004,P0149,3097,154.9032,19.9931,2,"Medium Moving"
2022-10,S002,P0175,2733,136.5161,20.0196,2,"Medium Moving"
2022-10,S005,P0046,3130,156.0968,20.0517,2,"Medium Moving"
2022-10,S002,P0017,2744,136.7419,20.0670,2,"Medium Moving"
2022-10,S003,P0016,2892,144.0968,20.0698,2,"Medium Moving"
2022-10,S002,P0183,2756,137.1935,20.0884,2,"Medium Moving"
2022-10,S004,P0166,2782,138.4516,20.0937,2,"Medium Moving"
2022-10,S002,P0096,2827,140.6774,20.0956,2,"Medium Moving"
2022-10,S002,P0057,2705,134.5484,20.1043,2,"Medium Moving"
2022-10,S001,P0125,2983,148.2903,20.1159,2,"Medium Moving"
2022-10,S003,P0116,3032,150.6129,20.1311,2,"Medium Moving"
2022-10,S002,P0068,2820,139.5161,20.2127,2,"Medium Moving"
2022-10,S005,P0061,3109,153.8065,20.2137,2,"Medium Moving"
2022-10,S001,P0133,2666,131.7097,20.2415,2,"Medium Moving"
2022-10,S001,P0187,2650,130.7419,20.2689,2,"Medium Moving"
2022-10,S002,P0171,2630,129.5161,20.3064,2,"Medium Moving"
2022-10,S005,P0031,2799,137.8065,20.3111,2,"Medium Moving"
2022-10,S001,P0126,2718,133.5161,20.3571,2,"Medium Moving"
2022-10,S004,P0187,2748,134.8710,20.3750,2,"Medium Moving"
2022-10,S004,P0183,2779,136.2903,20.3903,2,"Medium Moving"
2022-10,S004,P0079,2979,146.0645,20.3951,2,"Medium Moving"
2022-10,S003,P0133,3055,149.4839,20.4370,2,"Medium Moving"
2022-10,S001,P0178,3059,149.5484,20.4549,2,"Medium Moving"
2022-10,S005,P0178,2818,137.7419,20.4585,2,"Medium Moving"
2022-10,S004,P0083,2723,133.0968,20.4588,2,"Medium Moving"
2022-10,S005,P0085,2680,130.9355,20.4681,3,"Fast Moving"
2022-10,S005,P0083,2756,134.5806,20.4784,3,"Fast Moving"
2022-10,S004,P0178,2633,128.2258,20.5341,3,"Fast Moving"
2022-10,S001,P0031,2857,139.0645,20.5444,3,"Fast Moving"
2022-10,S004,P0175,2643,128.4839,20.5707,3,"Fast Moving"
2022-10,S001,P0069,2718,131.9355,20.6010,3,"Fast Moving"
2022-10,S001,P0083,2821,136.9032,20.6058,3,"Fast Moving"
2022-10,S004,P0125,2923,141.7742,20.6173,3,"Fast Moving"
2022-10,S001,P0116,3044,147.2903,20.6667,3,"Fast Moving"
2022-10,S005,P0187,2814,136.0000,20.6912,3,"Fast Moving"
2022-10,S003,P0069,3022,145.9355,20.7078,3,"Fast Moving"
2022-10,S005,P0094,3026,146.0968,20.7123,3,"Fast Moving"
2022-10,S001,P0085,2930,141.3871,20.7232,3,"Fast Moving"
2022-10,S005,P0125,2755,132.7419,20.7546,3,"Fast Moving"
2022-10,S003,P0066,2723,130.5161,20.8633,3,"Fast Moving"
2022-10,S003,P0067,2894,138.6129,20.8783,3,"Fast Moving"
2022-10,S003,P0085,2826,135.2903,20.8884,3,"Fast Moving"
2022-10,S003,P0183,2978,142.5484,20.8912,3,"Fast Moving"
2022-10,S002,P0094,2744,131.0968,20.9311,3,"Fast Moving"
2022-10,S005,P0159,2741,130.7419,20.9650,3,"Fast Moving"
2022-10,S005,P0079,2794,133.2581,20.9668,3,"Fast Moving"
2022-10,S003,P0083,3072,146.1290,21.0225,3,"Fast Moving"
2022-10,S004,P0126,2804,133.0323,21.0776,3,"Fast Moving"
2022-10,S004,P0094,2999,142.0323,21.1149,3,"Fast Moving"
2022-10,S004,P0159,2578,122.0323,21.1256,3,"Fast Moving"
2022-10,S001,P0016,2848,134.6774,21.1468,3,"Fast Moving"
2022-10,S001,P0153,2941,139.0645,21.1485,3,"Fast Moving"
2022-10,S005,P0116,2748,129.9355,21.1490,3,"Fast Moving"
2022-10,S005,P0096,2925,138.1935,21.1660,3,"Fast Moving"
2022-10,S002,P0069,3390,159.8710,21.2046,3,"Fast Moving"
2022-10,S003,P0079,2725,128.2903,21.2409,3,"Fast Moving"
2022-10,S002,P0083,3097,145.6774,21.2593,3,"Fast Moving"
2022-10,S005,P0126,2943,138.0000,21.3261,3,"Fast Moving"
2022-10,S002,P0046,2986,139.8065,21.3581,3,"Fast Moving"
2022-10,S003,P0094,3063,143.1290,21.4003,3,"Fast Moving"
2022-10,S004,P0061,2741,127.6774,21.4682,3,"Fast Moving"
2022-10,S001,P0057,2989,139.0968,21.4886,3,"Fast Moving"
2022-10,S001,P0067,3098,144.1290,21.4946,3,"Fast Moving"
2022-10,S001,P0046,2943,136.8710,21.5020,3,"Fast Moving"
2022-10,S004,P0017,2993,138.6129,21.5925,3,"Fast Moving"
2022-10,S003,P0096,2804,129.4516,21.6606,3,"Fast Moving"
2022-10,S001,P0175,2971,136.8065,21.7168,3,"Fast Moving"
2022-10,S002,P0166,3005,137.9677,21.7805,3,"Fast Moving"
2022-10,S004,P0096,2947,135.0000,21.8296,3,"Fast Moving"
2022-10,S004,P0057,3186,145.5161,21.8945,3,"Fast Moving"
2022-10,S001,P0017,2998,135.2581,22.1650,3,"Fast Moving"
2022-10,S002,P0125,2842,128.1290,22.1808,3,"Fast Moving"
2022-10,S003,P0178,2807,123.9677,22.6430,3,"Fast Moving"
2022-10,S005,P0017,2976,130.7742,22.7568,3,"Fast Moving"
2022-10,S002,P0153,3090,134.7419,22.9327,3,"Fast Moving"
2022-11,S002,P0070,2550,145.0667,17.5781,1,"Slow Moving"
2022-11,S001,P0096,2453,139.5000,17.5842,1,"Slow Moving"
2022-11,S003,P0031,2528,143.1000,17.6660,1,"Slow Moving"
2022-11,S001,P0070,2414,133.0000,18.1504,1,"Slow Moving"
2022-11,S003,P0129,2561,140.5667,18.2191,1,"Slow Moving"
2022-11,S004,P0031,2611,143.0333,18.2545,1,"Slow Moving"
2022-11,S002,P0017,2617,143.1333,18.2837,1,"Slow Moving"
2022-11,S003,P0070,2534,138.2333,18.3313,1,"Slow Moving"
2022-11,S005,P0116,2700,146.9667,18.3715,1,"Slow Moving"
2022-11,S002,P0171,2666,145.0667,18.3778,1,"Slow Moving"
2022-11,S002,P0175,2481,134.8333,18.4005,1,"Slow Moving"
2022-11,S004,P0159,2575,139.7000,18.4324,1,"Slow Moving"
2022-11,S004,P0070,2648,143.3667,18.4701,1,"Slow Moving"
2022-11,S001,P0094,2541,137.4667,18.4845,1,"Slow Moving"
2022-11,S002,P0083,2482,134.2667,18.4856,1,"Slow Moving"
2022-11,S001,P0068,2514,135.9333,18.4944,1,"Slow Moving"
2022-11,S001,P0166,2606,140.8333,18.5041,1,"Slow Moving"
2022-11,S005,P0171,2758,148.9000,18.5225,1,"Slow Moving"
2022-11,S001,P0183,2542,137.0667,18.5457,1,"Slow Moving"
2022-11,S002,P0129,2946,158.5667,18.5789,1,"Slow Moving"
2022-11,S005,P0096,2574,138.5000,18.5848,1,"Slow Moving"
2022-11,S003,P0175,2486,132.9000,18.7058,1,"Slow Moving"
2022-11,S001,P0085,2631,139.8333,18.8153,1,"Slow Moving"
2022-11,S005,P0017,2693,142.9000,18.8453,1,"Slow Moving"
2022-11,S002,P0096,2847,151.0000,18.8543,1,"Slow Moving"
2022-11,S004,P0129,2546,134.8667,18.8779,1,"Slow Moving"
2022-11,S005,P0159,2578,136.3667,18.9049,1,"Slow Moving"
2022-11,S005,P0149,2861,150.9333,18.9554,1,"Slow Moving"
2022-11,S002,P0094,2743,143.9000,19.0618,1,"Slow Moving"
2022-11,S004,P0067,2699,141.4000,19.0877,1,"Slow Moving"
2022-11,S005,P0079,2668,139.5667,19.1163,1,"Slow Moving"
2022-11,S002,P0183,2608,136.3333,19.1296,1,"Slow Moving"
2022-11,S005,P0031,2745,143.4333,19.1378,1,"Slow Moving"
2022-11,S004,P0171,2649,138.3667,19.1448,1,"Slow Moving"
2022-11,S002,P0153,2855,148.9000,19.1739,1,"Slow Moving"
2022-11,S004,P0175,2556,133.3000,19.1748,1,"Slow Moving"
2022-11,S004,P0149,2705,141.0000,19.1844,1,"Slow Moving"
2022-11,S005,P0129,2637,137.4000,19.1921,1,"Slow Moving"
2022-11,S002,P0068,2868,149.0667,19.2397,1,"Slow Moving"
2022-11,S001,P0079,2423,125.8667,19.2505,1,"Slow Moving"
2022-11,S001,P0083,2957,153.3667,19.2806,1,"Slow Moving"
2022-11,S001,P0149,2868,148.5000,19.3131,1,"Slow Moving"
2022-11,S003,P0068,2768,143.2333,19.3251,1,"Slow Moving"
2022-11,S001,P0129,2524,130.4667,19.3459,1,"Slow Moving"
2022-11,S001,P0067,2650,136.8333,19.3666,1,"Slow Moving"
2022-11,S003,P0096,2703,139.5667,19.3671,1,"Slow Moving"
2022-11,S005,P0068,2503,129.2333,19.3681,1,"Slow Moving"
2022-11,S004,P0068,2600,134.2333,19.3693,1,"Slow Moving"
2022-11,S004,P0183,2830,146.1000,19.3703,1,"Slow Moving"
2022-11,S001,P0159,2548,131.5333,19.3715,1,"Slow Moving"
2022-11,S004,P0094,2712,139.9000,19.3853,2,"Medium Moving"
2022-11,S003,P0166,2473,127.4000,19.4113,2,"Medium Moving"
2022-11,S002,P0159,2391,123.1000,19.4232,2,"Medium Moving"
2022-11,S004,P0085,2882,148.1667,19.4511,2,"Medium Moving"
2022-11,S004,P0153,2861,146.5667,19.5201,2,"Medium Moving"
2022-11,S003,P0017,2751,140.8333,19.5337,2,"Medium Moving"
2022-11,S002,P0067,3028,154.5333,19.5945,2,"Medium Moving"
2022-11,S005,P0094,2758,140.7333,19.5973,2,"Medium Moving"
2022-11,S005,P0153,2885,147.2000,19.5992,2,"Medium Moving"
2022-11,S003,P0171,2724,138.9333,19.6065,2,"Medium Moving"
2022-11,S001,P0153,2845,145.1000,19.6072,2,"Medium Moving"
2022-11,S004,P0079,2769,140.8667,19.6569,2,"Medium Moving"
2022-11,S002,P0149,2578,131.1000,19.6644,2,"Medium Moving"
2022-11,S004,P0017,2697,136.9000,19.7005,2,"Medium Moving"
2022-11,S005,P0085,2770,140.4667,19.7200,2,"Medium Moving"
2022-11,S002,P0085,2525,127.9000,19.7420,2,"Medium Moving"
2022-11,S003,P0183,2639,133.4667,19.7727,2,"Medium Moving"
2022-11,S003,P0085,2560,129.1333,19.8245,2,"Medium Moving"
2022-11,S002,P0166,2813,141.8667,19.8285,2,"Medium Moving"
2022-11,S003,P0153,2963,149.0333,19.8815,2,"Medium Moving"
2022-11,S004,P0083,2502,125.4000,19.9522,2,"Medium Moving"
2022-11,S001,P0116,2791,139.6667,19.9833,2,"Medium Moving"
2022-11,S005,P0067,3076,153.9000,19.9870,2,"Medium Moving"
2022-11,S001,P0171,2618,130.6667,20.0357,2,"Medium Moving"
2022-11,S003,P0067,2928,146.1333,20.0365,2,"Medium Moving"
2022-11,S005,P0183,2760,137.7333,20.0387,2,"Medium Moving"
2022-11,S005,P0175,2731,136.2000,20.0514,2,"Medium Moving"
2022-11,S005,P0070,2959,147.4667,20.0656,2,"Medium Moving"
2022-11,S001,P0175,2814,140.1667,20.0761,2,"Medium Moving"
2022-11,S001,P0031,2534,125.8667,20.1324,2,"Medium Moving"
2022-11,S004,P0166,2862,141.4333,20.2357,2,"Medium Moving"
2022-11,S003,P0116,2879,142.2667,20.2366,2,"Medium Moving"
2022-11,S004,P0116,2471,121.1000,20.4046,2,"Medium Moving"
2022-11,S003,P0083,2870,140.4667,20.4319,2,"Medium Moving"
2022-11,S005,P0061,3858,188.7667,20.4379,2,"Medium Moving"
2022-11,S003,P0159,2719,132.6000,20.5053,2,"Medium Moving"
2022-11,S003,P0094,2760,134.1667,20.5714,2,"Medium Moving"
2022-11,S003,P0079,2974,144.0333,20.6480,2,"Medium Moving"
2022-11,S003,P0126,3824,184.5333,20.7225,2,"Medium Moving"
2022-11,S005,P0125,3856,185.9333,20.7386,2,"Medium Moving"
2022-11,S005,P0126,3873,186.5333,20.7630,2,"Medium Moving"
2022-11,S001,P0187,3869,186.1000,20.7899,2,"Medium Moving"
2022-11,S001,P0017,2884,138.4667,20.8281,2,"Medium Moving"
2022-11,S002,P0079,2410,115.7000,20.8297,2,"Medium Moving"
2022-11,S003,P0125,3939,188.6667,20.8781,2,"Medium Moving"
2022-11,S003,P0149,2812,134.6333,20.8864,2,"Medium Moving"
2022-11,S004,P0187,3634,173.9667,20.8891,2,"Medium Moving"
2022-11,S005,P0046,4225,201.7333,20.9435,2,"Medium Moving"
2022-11,S002,P0116,2966,141.4000,20.9760,2,"Medium Moving"
2022-11,S004,P0069,3848,183.4000,20.9815,2,"Medium Moving"
2022-11,S003,P0057,3605,171.5333,21.0163,3,"Fast Moving"
2022-11,S004,P0057,3722,177.0667,21.0203,3,"Fast Moving"
2022-11,S001,P0066,3869,184.0333,21.0234,3,"Fast Moving"
2022-11,S003,P0061,3843,182.6333,21.0422,3,"Fast Moving"
2022-11,S003,P0066,4341,205.8000,21.0933,3,"Fast Moving"
2022-11,S001,P0016,3670,173.6333,21.1365,3,"Fast Moving"
2022-11,S002,P0069,3776,178.4333,21.1620,3,"Fast Moving"
2022-11,S001,P0126,3812,179.8667,21.1935,3,"Fast Moving"
2022-11,S005,P0178,3627,170.9333,21.2188,3,"Fast Moving"
2022-11,S003,P0133,3874,182.5667,21.2196,3,"Fast Moving"
2022-11,S003,P0016,3537,166.5667,21.2347,3,"Fast Moving"
2022-11,S004,P0066,3951,185.3000,21.3222,3,"Fast Moving"
2022-11,S002,P0031,2930,137.4000,21.3246,3,"Fast Moving"
2022-11,S005,P0057,4074,190.8667,21.3447,3,"Fast Moving"
2022-11,S002,P0061,3950,185.0333,21.3475,3,"Fast Moving"
2022-11,S001,P0178,3724,174.2333,21.3736,3,"Fast Moving"
2022-11,S004,P0126,3422,159.0333,21.5175,3,"Fast Moving"
2022-11,S001,P0069,3701,171.9667,21.5216,3,"Fast Moving"
2022-11,S001,P0061,4042,187.8000,21.5229,3,"Fast Moving"
2022-11,S004,P0096,3026,140.2333,21.5783,3,"Fast Moving"
2022-11,S005,P0166,2876,132.9333,21.6349,3,"Fast Moving"
2022-11,S002,P0126,3935,181.7333,21.6526,3,"Fast Moving"
2022-11,S002,P0133,3773,174.1333,21.6673,3,"Fast Moving"
2022-11,S003,P0178,3708,171.1000,21.6715,3,"Fast Moving"
2022-11,S003,P0046,3915,180.5667,21.6817,3,"Fast Moving"
2022-11,S002,P0187,3971,182.9667,21.7034,3,"Fast Moving"
2022-11,S003,P0187,3964,181.5000,21.8402,3,"Fast Moving"
2022-11,S005,P0083,2701,123.5000,21.8704,3,"Fast Moving"
2022-11,S001,P0125,3759,171.6667,21.8971,3,"Fast Moving"
2022-11,S002,P0016,3840,175.3000,21.9053,3,"Fast Moving"
2022-11,S004,P0178,3692,167.2333,22.0769,3,"Fast Moving"
2022-11,S001,P0057,3879,175.2667,22.1320,3,"Fast Moving"
2022-11,S005,P0069,3877,174.8667,22.1712,3,"Fast Moving"
2022-11,S004,P0125,4053,182.3667,22.2245,3,"Fast Moving"
2022-11,S001,P0046,4003,179.7000,22.2760,3,"Fast Moving"
2022-11,S005,P0066,3752,167.9333,22.3422,3,"Fast Moving"
2022-11,S005,P0016,3902,174.2667,22.3910,3,"Fast Moving"
2022-11,S002,P0057,4168,185.7333,22.4408,3,"Fast Moving"
2022-11,S002,P0066,3903,173.6667,22.4741,3,"Fast Moving"
2022-11,S002,P0046,4066,180.4000,22.5388,3,"Fast Moving"
2022-11,S004,P0133,3876,171.9667,22.5393,3,"Fast Moving"
2022-11,S004,P0061,3948,173.0333,22.8164,3,"Fast Moving"
2022-11,S004,P0016,4383,192.0333,22.8242,3,"Fast Moving"
2022-11,S002,P0125,3938,172.0000,22.8953,3,"Fast Moving"
2022-11,S001,P0133,3774,164.8333,22.8959,3,"Fast Moving"
2022-11,S004,P0046,4014,175.2667,22.9022,3,"Fast Moving"
2022-11,S002,P0178,3780,164.7333,22.9462,3,"Fast Moving"
2022-11,S005,P0133,3584,156.1333,22.9547,3,"Fast Moving"
2022-11,S003,P0069,4167,181.1000,23.0094,3,"Fast Moving"
2022-11,S005,P0187,4089,175.4667,23.3036,3,"Fast Moving"
2022-12,S002,P0083,2495,144.0645,17.3186,1,"Slow Moving"
2022-12,S001,P0083,2425,133.9032,18.1101,1,"Slow Moving"
2022-12,S004,P0083,2883,157.6774,18.2842,1,"Slow Moving"
2022-12,S003,P0083,2610,141.6129,18.4305,1,"Slow Moving"
2022-12,S001,P0085,2534,137.4194,18.4399,1,"Slow Moving"
2022-12,S003,P0070,2743,148.0323,18.5297,1,"Slow Moving"
2022-12,S004,P0067,2647,142.6452,18.5565,1,"Slow Moving"
2022-12,S004,P0171,2408,129.2258,18.6340,1,"Slow Moving"
2022-12,S004,P0129,2871,154.0323,18.6390,1,"Slow Moving"
2022-12,S002,P0159,2534,135.1290,18.7524,1,"Slow Moving"
2022-12,S002,P0116,2824,150.4516,18.7702,1,"Slow Moving"
2022-12,S005,P0171,2585,137.0323,18.8642,1,"Slow Moving"
2022-12,S004,P0085,2407,127.4516,18.8856,1,"Slow Moving"
2022-12,S004,P0017,2733,143.6774,19.0218,1,"Slow Moving"
2022-12,S001,P0171,2800,147.1613,19.0267,1,"Slow Moving"
2022-12,S005,P0083,2890,150.9677,19.1432,1,"Slow Moving"
2022-12,S001,P0070,2454,127.9355,19.1815,1,"Slow Moving"
2022-12,S002,P0175,2512,130.8710,19.1945,1,"Slow Moving"
2022-12,S003,P0175,2798,145.4194,19.2409,1,"Slow Moving"
2022-12,S004,P0166,3033,157.5806,19.2473,1,"Slow Moving"
2022-12,S005,P0094,2743,142.1935,19.2906,1,"Slow Moving"
2022-12,S004,P0159,2754,142.0968,19.3812,1,"Slow Moving"
2022-12,S002,P0068,2689,138.3871,19.4310,1,"Slow Moving"
2022-12,S002,P0094,2515,129.3548,19.4426,1,"Slow Moving"
2022-12,S003,P0183,2631,135.2258,19.4563,1,"Slow Moving"
2022-12,S002,P0153,2922,150.0645,19.4716,1,"Slow Moving"
2022-12,S001,P0067,2614,134.2258,19.4746,1,"Slow Moving"
2022-12,S001,P0159,2814,144.4194,19.4849,1,"Slow Moving"
2022-12,S005,P0085,2405,123.2581,19.5119,1,"Slow Moving"
2022-12,S001,P0149,2675,136.9677,19.5301,1,"Slow Moving"
2022-12,S003,P0068,2910,148.6452,19.5768,1,"Slow Moving"
2022-12,S002,P0129,2908,148.2258,19.6187,1,"Slow Moving"
2022-12,S005,P0070,2724,138.8065,19.6244,1,"Slow Moving"
2022-12,S002,P0166,2783,141.2258,19.7060,1,"Slow Moving"
2022-12,S005,P0031,2604,132.0323,19.7225,1,"Slow Moving"
2022-12,S005,P0116,2897,146.8387,19.7291,1,"Slow Moving"
2022-12,S004,P0175,2890,146.0968,19.7814,1,"Slow Moving"
2022-12,S003,P0171,2757,139.3226,19.7886,1,"Slow Moving"
2022-12,S005,P0183,2728,137.7097,19.8098,1,"Slow Moving"
2022-12,S002,P0171,2733,137.5484,19.8694,1,"Slow Moving"
2022-12,S003,P0085,2548,128.0323,19.9012,1,"Slow Moving"
2022-12,S002,P0183,2663,133.5161,19.9452,1,"Slow Moving"
2022-12,S002,P0017,2634,132.0323,19.9497,1,"Slow Moving"
2022-12,S002,P0085,2908,145.6774,19.9619,1,"Slow Moving"
2022-12,S002,P0070,2816,140.6452,20.0220,1,"Slow Moving"
2022-12,S004,P0153,2811,140.0000,20.0786,1,"Slow Moving"
2022-12,S001,P0183,2978,148.0323,20.1172,1,"Slow Moving"
2022-12,S003,P0067,2644,131.3226,20.1336,1,"Slow Moving"
2022-12,S001,P0017,2654,131.8065,20.1356,1,"Slow Moving"
2022-12,S004,P0068,2834,140.7419,20.1361,1,"Slow Moving"
2022-12,S001,P0153,3001,148.9355,20.1497,2,"Medium Moving"
2022-12,S001,P0116,2895,143.5161,20.1719,2,"Medium Moving"
2022-12,S005,P0166,2890,143.0323,20.2052,2,"Medium Moving"
2022-12,S005,P0079,2760,136.4839,20.2222,2,"Medium Moving"
2022-12,S002,P0031,2641,129.8065,20.3457,2,"Medium Moving"
2022-12,S004,P0096,2812,138.1935,20.3483,2,"Medium Moving"
2022-12,S003,P0094,3092,151.9355,20.3507,2,"Medium Moving"
2022-12,S004,P0031,2989,146.7419,20.3691,2,"Medium Moving"
2022-12,S004,P0183,2518,123.5161,20.3860,2,"Medium Moving"
2022-12,S002,P0096,2897,141.7097,20.4432,2,"Medium Moving"
2022-12,S004,P0149,2824,138.0968,20.4494,2,"Medium Moving"
2022-12,S002,P0149,3049,148.9032,20.4764,2,"Medium Moving"
2022-12,S003,P0129,2754,134.4839,20.4783,2,"Medium Moving"
2022-12,S005,P0057,3521,171.8065,20.4940,2,"Medium Moving"
2022-12,S005,P0067,2815,137.1290,20.5281,2,"Medium Moving"
2022-12,S001,P0166,2894,140.8065,20.5530,2,"Medium Moving"
2022-12,S001,P0175,2885,139.9677,20.6119,2,"Medium Moving"
2022-12,S002,P0067,2965,143.8387,20.6134,2,"Medium Moving"
2022-12,S005,P0175,2675,129.6452,20.6332,2,"Medium Moving"
2022-12,S005,P0159,2522,122.1935,20.6394,2,"Medium Moving"
2022-12,S003,P0166,2927,141.0968,20.7446,2,"Medium Moving"
2022-12,S005,P0068,2740,131.2903,20.8698,2,"Medium Moving"
2022-12,S004,P0116,2873,137.3226,20.9215,2,"Medium Moving"
2022-12,S003,P0016,4293,205.1935,20.9217,2,"Medium Moving"
2022-12,S001,P0096,2914,139.2581,20.9252,2,"Medium Moving"
2022-12,S003,P0017,3186,151.9677,20.9650,2,"Medium Moving"
2022-12,S003,P0133,3573,170.0645,21.0097,2,"Medium Moving"
2022-12,S005,P0017,2935,139.5806,21.0273,2,"Medium Moving"
2022-12,S004,P0079,2877,136.6774,21.0496,2,"Medium Moving"
2022-12,S003,P0031,2690,127.7742,21.0528,2,"Medium Moving"
2022-12,S001,P0068,2786,132.2258,21.0700,2,"Medium Moving"
2022-12,S005,P0153,3097,146.5484,21.1330,2,"Medium Moving"
2022-12,S003,P0159,2742,129.2581,21.2134,2,"Medium Moving"
2022-12,S001,P0079,3212,151.2903,21.2307,2,"Medium Moving"
2022-12,S004,P0070,2775,130.4839,21.2670,2,"Medium Moving"
2022-12,S005,P0149,3252,152.5484,21.3178,2,"Medium Moving"
2022-12,S003,P0153,3203,149.9355,21.3625,2,"Medium Moving"
2022-12,S005,P0125,3842,179.7742,21.3713,2,"Medium Moving"
2022-12,S002,P0079,3138,146.8065,21.3751,2,"Medium Moving"
2022-12,S004,P0057,4030,187.8710,21.4509,2,"Medium Moving"
2022-12,S002,P0187,4021,187.3548,21.4619,2,"Medium Moving"
2022-12,S004,P0133,3857,179.4516,21.4933,2,"Medium Moving"
2022-12,S001,P0125,3306,153.0968,21.5942,2,"Medium Moving"
2022-12,S003,P0116,2897,134.1290,21.5986,2,"Medium Moving"
2022-12,S004,P0046,3654,169.1290,21.6048,2,"Medium Moving"
2022-12,S001,P0061,4086,189.0323,21.6154,2,"Medium Moving"
2022-12,S001,P0031,2894,133.8387,21.6230,2,"Medium Moving"
2022-12,S003,P0149,2920,135.0323,21.6245,2,"Medium Moving"
2022-12,S003,P0079,3132,144.7097,21.6433,2,"Medium Moving"
2022-12,S001,P0094,2736,126.1613,21.6865,2,"Medium Moving"
2022-12,S003,P0096,3011,138.0645,21.8086,3,"Fast Moving"
2022-12,S002,P0061,3958,181.1613,21.8479,3,"Fast Moving"
2022-12,S001,P0126,3881,177.5806,21.8549,3,"Fast Moving"
2022-12,S002,P0057,4243,194.0000,21.8711,3,"Fast Moving"
2022-12,S005,P0066,3793,173.3548,21.8800,3,"Fast Moving"
2022-12,S003,P0057,3760,171.3871,21.9386,3,"Fast Moving"
2022-12,S002,P0125,3706,168.7097,21.9667,3,"Fast Moving"
2022-12,S001,P0129,2858,130.0968,21.9683,3,"Fast Moving"
2022-12,S001,P0187,4108,186.7097,22.0021,3,"Fast Moving"
2022-12,S005,P0016,3575,162.3226,22.0240,3,"Fast Moving"
2022-12,S004,P0187,3826,173.6774,22.0293,3,"Fast Moving"
2022-12,S003,P0178,3853,174.0323,22.1396,3,"Fast Moving"
2022-12,S005,P0069,4565,205.9677,22.1637,3,"Fast Moving"
2022-12,S005,P0178,3894,175.6129,22.1738,3,"Fast Moving"
2022-12,S003,P0125,3912,176.1935,22.2029,3,"Fast Moving"
2022-12,S003,P0126,4073,183.2581,22.2255,3,"Fast Moving"
2022-12,S002,P0066,4120,185.3226,22.2315,3,"Fast Moving"
2022-12,S001,P0016,3643,163.8387,22.2353,3,"Fast Moving"
2022-12,S005,P0129,2835,127.1613,22.2945,3,"Fast Moving"
2022-12,S003,P0187,3792,169.6774,22.3483,3,"Fast Moving"
2022-12,S005,P0126,4006,178.5161,22.4405,3,"Fast Moving"
2022-12,S005,P0187,3862,171.9677,22.4577,3,"Fast Moving"
2022-12,S002,P0046,3733,166.1935,22.4618,3,"Fast Moving"
2022-12,S004,P0016,4243,188.8387,22.4689,3,"Fast Moving"
2022-12,S005,P0096,3049,135.6452,22.4778,3,"Fast Moving"
2022-12,S003,P0069,4179,185.6774,22.5068,3,"Fast Moving"
2022-12,S004,P0061,4214,187.1935,22.5115,3,"Fast Moving"
2022-12,S001,P0133,4211,186.0645,22.6319,3,"Fast Moving"
2022-12,S005,P0046,4379,193.4516,22.6362,3,"Fast Moving"
2022-12,S002,P0016,4222,185.6452,22.7423,3,"Fast Moving"
2022-12,S004,P0125,3704,162.4839,22.7961,3,"Fast Moving"
2022-12,S002,P0126,3807,166.8065,22.8229,3,"Fast Moving"
2022-12,S004,P0126,4126,180.7097,22.8322,3,"Fast Moving"
2022-12,S001,P0057,4285,187.5161,22.8514,3,"Fast Moving"
2022-12,S005,P0061,3773,164.9677,22.8711,3,"Fast Moving"
2022-12,S004,P0094,3205,139.3226,23.0042,3,"Fast Moving"
2022-12,S004,P0066,4153,180.4516,23.0145,3,"Fast Moving"
2022-12,S003,P0061,3888,168.5161,23.0720,3,"Fast Moving"
2022-12,S001,P0069,4188,181.1613,23.1175,3,"Fast Moving"
2022-12,S001,P0178,4111,176.4516,23.2982,3,"Fast Moving"
2022-12,S003,P0066,4260,181.4839,23.4732,3,"Fast Moving"
2022-12,S004,P0178,3975,169.1935,23.4938,3,"Fast Moving"
2022-12,S002,P0133,3958,168.0323,23.5550,3,"Fast Moving"
2022-12,S005,P0133,4261,180.7419,23.5750,3,"Fast Moving"
2022-12,S001,P0046,4239,179.5806,23.6050,3,"Fast Moving"
2022-12,S003,P0046,3840,162.2581,23.6660,3,"Fast Moving"
2022-12,S001,P0066,3715,154.9032,23.9827,3,"Fast Moving"
2022-12,S002,P0178,4137,171.9032,24.0659,3,"Fast Moving"
2022-12,S004,P0069,4084,169.6452,24.0738,3,"Fast Moving"
2022-12,S002,P0069,4227,175.0323,24.1498,3,"Fast Moving"
2023-01,S002,P0153,2715,155.6774,17.4399,1,"Slow Moving"
2023-01,S002,P0094,2588,145.3548,17.8047,1,"Slow Moving"
2023-01,S002,P0068,2710,149.9355,18.0744,1,"Slow Moving"
2023-01,S004,P0079,2280,125.2258,18.2071,1,"Slow Moving"
2023-01,S003,P0183,2617,140.6129,18.6114,1,"Slow Moving"
2023-01,S003,P0017,2839,152.2581,18.6460,1,"Slow Moving"
2023-01,S005,P0096,2618,140.0000,18.7000,1,"Slow Moving"
2023-01,S004,P0183,2696,143.3871,18.8022,1,"Slow Moving"
2023-01,S005,P0149,2523,133.3871,18.9149,1,"Slow Moving"
2023-01,S005,P0067,2878,151.6774,18.9745,1,"Slow Moving"
2023-01,S005,P0070,2654,139.4839,19.0273,1,"Slow Moving"
2023-01,S001,P0183,2773,144.8387,19.1454,1,"Slow Moving"
2023-01,S004,P0096,2721,141.9032,19.1750,1,"Slow Moving"
2023-01,S002,P0085,2807,146.2903,19.1879,1,"Slow Moving"
2023-01,S001,P0068,2611,135.5484,19.2625,1,"Slow Moving"
2023-01,S003,P0153,2609,135.1613,19.3029,1,"Slow Moving"
2023-01,S003,P0068,2599,134.5806,19.3118,1,"Slow Moving"
2023-01,S001,P0096,2743,141.1613,19.4317,1,"Slow Moving"
2023-01,S004,P0171,2678,137.8065,19.4331,1,"Slow Moving"
2023-01,S005,P0171,2953,151.2581,19.5229,1,"Slow Moving"
2023-01,S004,P0083,3109,159.0000,19.5535,1,"Slow Moving"
2023-01,S003,P0067,2713,137.8065,19.6870,1,"Slow Moving"
2023-01,S003,P0085,2295,116.4516,19.7078,1,"Slow Moving"
2023-01,S003,P0070,2603,131.9677,19.7245,1,"Slow Moving"
2023-01,S005,P0031,2762,139.9032,19.7422,1,"Slow Moving"
2023-01,S001,P0094,2777,140.6452,19.7447,1,"Slow Moving"
2023-01,S004,P0116,2852,144.1935,19.7790,1,"Slow Moving"
2023-01,S005,P0116,2786,140.4839,19.8315,1,"Slow Moving"
2023-01,S005,P0079,2832,142.5484,19.8669,1,"Slow Moving"
2023-01,S003,P0031,2433,122.2581,19.9005,1,"Slow Moving"
2023-01,S004,P0070,2779,139.4194,19.9327,1,"Slow Moving"
2023-01,S002,P0116,3211,160.8710,19.9601,1,"Slow Moving"
2023-01,S001,P0070,2911,145.8387,19.9604,1,"Slow Moving"
2023-01,S005,P0159,2824,141.2258,19.9963,1,"Slow Moving"
2023-01,S004,P0067,2683,133.6129,20.0804,1,"Slow Moving"
2023-01,S004,P0085,2784,138.1935,20.1457,1,"Slow Moving"
2023-01,S001,P0175,2834,140.4839,20.1731,1,"Slow Moving"
2023-01,S001,P0166,2709,134.2258,20.1824,1,"Slow Moving"
2023-01,S002,P0070,2861,141.6452,20.1984,1,"Slow Moving"
2023-01,S003,P0096,2627,129.9355,20.2177,1,"Slow Moving"
2023-01,S003,P0116,2788,137.7097,20.2455,1,"Slow Moving"
2023-01,S004,P0031,2623,129.3871,20.2725,1,"Slow Moving"
2023-01,S001,P0159,2787,137.0968,20.3287,1,"Slow Moving"
2023-01,S002,P0017,3029,148.9032,20.3421,1,"Slow Moving"
2023-01,S005,P0175,2539,124.8065,20.3435,1,"Slow Moving"
2023-01,S005,P0085,2593,127.3226,20.3656,1,"Slow Moving"
2023-01,S002,P0129,2968,145.6774,20.3738,1,"Slow Moving"
2023-01,S003,P0094,3052,149.5161,20.4125,1,"Slow Moving"
2023-01,S003,P0175,2932,143.5161,20.4298,1,"Slow Moving"
2023-01,S001,P0116,2844,139.0000,20.4604,1,"Slow Moving"
2023-01,S003,P0171,2750,134.1290,20.5026,2,"Medium Moving"
2023-01,S005,P0094,2925,142.5161,20.5240,2,"Medium Moving"
2023-01,S003,P0083,3107,151.2581,20.5411,2,"Medium Moving"
2023-01,S001,P0079,2925,142.1613,20.5752,2,"Medium Moving"
2023-01,S002,P0083,2975,144.5484,20.5813,2,"Medium Moving"
2023-01,S005,P0153,3002,145.8387,20.5844,2,"Medium Moving"
2023-01,S002,P0079,2877,139.7097,20.5927,2,"Medium Moving"
2023-01,S005,P0017,3189,154.5806,20.6300,2,"Medium Moving"
2023-01,S003,P0079,2502,121.2581,20.6337,2,"Medium Moving"
2023-01,S001,P0171,2835,137.3871,20.6351,2,"Medium Moving"
2023-01,S004,P0166,2679,129.7742,20.6435,2,"Medium Moving"
2023-01,S002,P0183,3095,149.4839,20.7046,2,"Medium Moving"
2023-01,S002,P0166,2949,142.3226,20.7205,2,"Medium Moving"
2023-01,S002,P0096,2885,139.1613,20.7313,2,"Medium Moving"
2023-01,S005,P0166,3155,152.1613,20.7346,2,"Medium Moving"
2023-01,S002,P0031,2913,140.4839,20.7355,2,"Medium Moving"
2023-01,S001,P0083,2870,138.3226,20.7486,2,"Medium Moving"
2023-01,S005,P0129,3050,146.9677,20.7529,2,"Medium Moving"
2023-01,S003,P0149,3081,148.4194,20.7587,2,"Medium Moving"
2023-01,S001,P0153,2650,127.6452,20.7607,2,"Medium Moving"
2023-01,S002,P0159,2883,138.6774,20.7893,2,"Medium Moving"
2023-01,S004,P0159,2960,142.3548,20.7931,2,"Medium Moving"
2023-01,S003,P0159,2592,124.4516,20.8274,2,"Medium Moving"
2023-01,S002,P0126,3927,188.0968,20.8776,2,"Medium Moving"
2023-01,S004,P0175,3104,148.6129,20.8865,2,"Medium Moving"
2023-01,S001,P0067,2819,134.9355,20.8915,2,"Medium Moving"
2023-01,S001,P0017,3121,149.0968,20.9327,2,"Medium Moving"
2023-01,S004,P0153,2980,142.2258,20.9526,2,"Medium Moving"
2023-01,S001,P0085,2763,131.5484,21.0037,2,"Medium Moving"
2023-01,S002,P0175,2938,139.8065,21.0148,2,"Medium Moving"
2023-01,S002,P0067,2884,136.8387,21.0759,2,"Medium Moving"
2023-01,S004,P0066,3710,175.6452,21.1221,2,"Medium Moving"
2023-01,S005,P0126,3656,172.6452,21.1764,2,"Medium Moving"
2023-01,S004,P0129,2899,136.4839,21.2406,2,"Medium Moving"
2023-01,S004,P0068,3062,144.0323,21.2591,2,"Medium Moving"
2023-01,S005,P0068,2861,134.3226,21.2995,2,"Medium Moving"
2023-01,S004,P0178,3810,178.4194,21.3542,2,"Medium Moving"
2023-01,S001,P0129,2874,134.3548,21.3911,2,"Medium Moving"
2023-01,S005,P0083,2946,137.6129,21.4079,2,"Medium Moving"
2023-01,S004,P0094,2887,134.6452,21.4415,2,"Medium Moving"
2023-01,S005,P0183,3141,146.3871,21.4568,2,"Medium Moving"
2023-01,S004,P0149,3165,147.4839,21.4600,2,"Medium Moving"
2023-01,S004,P0017,3075,143.1613,21.4793,2,"Medium Moving"
2023-01,S002,P0149,3329,154.9355,21.4864,2,"Medium Moving"
2023-01,S002,P0171,3074,142.7097,21.5402,2,"Medium Moving"
2023-01,S001,P0149,3042,141.1290,21.5547,2,"Medium Moving"
2023-01,S002,P0057,3900,180.6452,21.5893,2,"Medium Moving"
2023-01,S002,P0069,3902,180.4839,21.6197,2,"Medium Moving"
2023-01,S005,P0057,4204,194.4516,21.6198,2,"Medium Moving"
2023-01,S003,P0166,3167,146.0323,21.6870,2,"Medium Moving"
2023-01,S001,P0178,3723,171.5161,21.7064,3,"Fast Moving"
2023-01,S001,P0125,4335,199.7097,21.7065,3,"Fast Moving"
2023-01,S004,P0187,3839,176.2581,21.7806,3,"Fast Moving"
2023-01,S004,P0061,3885,176.9032,21.9612,3,"Fast Moving"
2023-01,S003,P0069,3615,164.2581,22.0081,3,"Fast Moving"
2023-01,S003,P0016,4088,185.4516,22.0435,3,"Fast Moving"
2023-01,S004,P0126,3821,172.8387,22.1073,3,"Fast Moving"
2023-01,S003,P0178,3804,172.0323,22.1121,3,"Fast Moving"
2023-01,S001,P0061,3891,175.7097,22.1445,3,"Fast Moving"
2023-01,S001,P0133,4389,198.0323,22.1631,3,"Fast Moving"
2023-01,S001,P0126,3923,177.0000,22.1638,3,"Fast Moving"
2023-01,S005,P0178,4048,182.4839,22.1828,3,"Fast Moving"
2023-01,S003,P0066,3883,174.7097,22.2254,3,"Fast Moving"
2023-01,S003,P0187,4230,190.0323,22.2594,3,"Fast Moving"
2023-01,S001,P0031,2751,123.5161,22.2724,3,"Fast Moving"
2023-01,S005,P0046,4443,199.4194,22.2797,3,"Fast Moving"
2023-01,S004,P0125,3695,165.8065,22.2850,3,"Fast Moving"
2023-01,S002,P0016,4042,181.3548,22.2878,3,"Fast Moving"
2023-01,S002,P0187,4263,191.2581,22.2893,3,"Fast Moving"
2023-01,S005,P0016,3549,159.1290,22.3027,3,"Fast Moving"
2023-01,S003,P0129,2938,131.3548,22.3669,3,"Fast Moving"
2023-01,S003,P0125,4039,180.0000,22.4389,3,"Fast Moving"
2023-01,S001,P0016,4065,181.0968,22.4466,3,"Fast Moving"
2023-01,S004,P0069,3842,171.1613,22.4467,3,"Fast Moving"
2023-01,S003,P0046,4239,188.8387,22.4477,3,"Fast Moving"
2023-01,S002,P0125,4411,196.0645,22.4977,3,"Fast Moving"
2023-01,S001,P0066,4698,208.2258,22.5620,3,"Fast Moving"
2023-01,S005,P0069,4416,195.3548,22.6050,3,"Fast Moving"
2023-01,S005,P0066,4104,180.8387,22.6943,3,"Fast Moving"
2023-01,S001,P0187,3595,158.3871,22.6976,3,"Fast Moving"
2023-01,S002,P0046,3888,171.0645,22.7283,3,"Fast Moving"
2023-01,S002,P0178,4023,175.2258,22.9589,3,"Fast Moving"
2023-01,S004,P0133,4293,186.0323,23.0766,3,"Fast Moving"
2023-01,S002,P0133,4386,189.8065,23.1077,3,"Fast Moving"
2023-01,S002,P0061,4105,177.4839,23.1289,3,"Fast Moving"
2023-01,S001,P0057,4150,179.2258,23.1551,3,"Fast Moving"
2023-01,S005,P0187,3933,169.8387,23.1573,3,"Fast Moving"
2023-01,S005,P0061,4125,177.8710,23.1910,3,"Fast Moving"
2023-01,S002,P0066,4064,174.5161,23.2872,3,"Fast Moving"
2023-01,S004,P0016,4556,194.6452,23.4067,3,"Fast Moving"
2023-01,S003,P0133,4459,189.7742,23.4963,3,"Fast Moving"
2023-01,S005,P0125,4090,173.4516,23.5801,3,"Fast Moving"
2023-01,S003,P0057,4256,180.0000,23.6444,3,"Fast Moving"
2023-01,S004,P0046,4382,185.0000,23.6865,3,"Fast Moving"
2023-01,S004,P0057,4451,187.3226,23.7612,3,"Fast Moving"
2023-01,S003,P0061,4043,169.8065,23.8095,3,"Fast Moving"
2023-01,S001,P0069,4536,189.9355,23.8818,3,"Fast Moving"
2023-01,S005,P0133,3652,151.7419,24.0672,3,"Fast Moving"
2023-01,S001,P0046,4447,182.0323,24.4297,3,"Fast Moving"
2023-01,S003,P0126,4277,170.1290,25.1397,3,"Fast Moving"
2023-02,S002,P0031,2247,136.5357,16.4572,1,"Slow Moving"
2023-02,S001,P0166,2459,148.6786,16.5390,1,"Slow Moving"
2023-02,S005,P0171,2208,132.9643,16.6060,1,"Slow Moving"
2023-02,S002,P0129,2420,145.7143,16.6078,1,"Slow Moving"
2023-02,S003,P0116,2356,141.1429,16.6923,1,"Slow Moving"
2023-02,S003,P0070,2389,142.0714,16.8155,1,"Slow Moving"
2023-02,S004,P0183,2449,145.1429,16.8730,1,"Slow Moving"
2023-02,S004,P0070,2404,141.5714,16.9808,1,"Slow Moving"
2023-02,S005,P0079,2403,141.1429,17.0253,1,"Slow Moving"
2023-02,S001,P0153,2371,139.1071,17.0444,1,"Slow Moving"
2023-02,S004,P0149,2724,159.7143,17.0555,1,"Slow Moving"
2023-02,S001,P0068,2315,135.2500,17.1165,1,"Slow Moving"
2023-02,S004,P0085,2308,134.3571,17.1781,1,"Slow Moving"
2023-02,S005,P0116,2594,150.2857,17.2605,1,"Slow Moving"
2023-02,S003,P0159,2525,146.2857,17.2607,1,"Slow Moving"
2023-02,S002,P0079,2247,130.0714,17.2751,1,"Slow Moving"
2023-02,S001,P0149,2359,136.2143,17.3183,1,"Slow Moving"
2023-02,S002,P0183,2343,134.8929,17.3693,1,"Slow Moving"
2023-02,S004,P0068,2365,136.0714,17.3806,1,"Slow Moving"
2023-02,S001,P0116,2529,145.4643,17.3857,1,"Slow Moving"
2023-02,S001,P0171,2747,157.7857,17.4097,1,"Slow Moving"
2023-02,S003,P0083,2252,128.8929,17.4719,1,"Slow Moving"
2023-02,S005,P0068,2636,150.5714,17.5066,1,"Slow Moving"
2023-02,S003,P0094,2252,128.5357,17.5204,1,"Slow Moving"
2023-02,S005,P0031,2496,142.0357,17.5730,1,"Slow Moving"
2023-02,S005,P0183,2565,145.6071,17.6159,1,"Slow Moving"
2023-02,S004,P0031,2386,135.3571,17.6274,1,"Slow Moving"
2023-02,S003,P0149,2787,158.0714,17.6313,1,"Slow Moving"
2023-02,S002,P0070,2516,142.2500,17.6872,1,"Slow Moving"
2023-02,S003,P0085,2616,147.8571,17.6928,1,"Slow Moving"
2023-02,S003,P0067,2492,140.8214,17.6962,1,"Slow Moving"
2023-02,S001,P0159,2682,151.5357,17.6988,1,"Slow Moving"
2023-02,S005,P0067,2505,141.4286,17.7121,1,"Slow Moving"
2023-02,S002,P0171,2262,127.3571,17.7611,1,"Slow Moving"
2023-02,S004,P0171,2478,139.5000,17.7634,1,"Slow Moving"
2023-02,S001,P0175,2535,142.3571,17.8073,1,"Slow Moving"
2023-02,S003,P0171,2539,142.5714,17.8086,1,"Slow Moving"
2023-02,S004,P0083,3004,168.5357,17.8241,1,"Slow Moving"
2023-02,S001,P0067,2565,143.7143,17.8479,1,"Slow Moving"
2023-02,S001,P0031,2499,139.3214,17.9369,1,"Slow Moving"
2023-02,S004,P0079,2537,141.4286,17.9384,1,"Slow Moving"
2023-02,S002,P0175,2423,135.0000,17.9481,1,"Slow Moving"
2023-02,S005,P0129,2718,151.3929,17.9533,1,"Slow Moving"
2023-02,S002,P0096,2575,143.3929,17.9577,1,"Slow Moving"
2023-02,S003,P0031,2590,143.7857,18.0129,1,"Slow Moving"
2023-02,S002,P0017,2532,140.4643,18.0259,1,"Slow Moving"
2023-02,S004,P0067,2487,137.9643,18.0264,1,"Slow Moving"
2023-02,S001,P0085,2278,126.2143,18.0487,1,"Slow Moving"
2023-02,S005,P0175,2330,128.6786,18.1071,1,"Slow Moving"
2023-02,S004,P0096,2557,141.1786,18.1118,1,"Slow Moving"
2023-02,S005,P0153,2423,133.6429,18.1304,2,"Medium Moving"
2023-02,S002,P0159,2684,147.3929,18.2098,2,"Medium Moving"
2023-02,S004,P0153,2357,129.0000,18.2713,2,"Medium Moving"
2023-02,S002,P0066,3433,187.8214,18.2780,2,"Medium Moving"
2023-02,S003,P0175,2720,148.7143,18.2901,2,"Medium Moving"
2023-02,S002,P0149,2569,140.3214,18.3080,2,"Medium Moving"
2023-02,S004,P0094,2787,151.8571,18.3528,2,"Medium Moving"
2023-02,S004,P0116,2760,149.6786,18.4395,2,"Medium Moving"
2023-02,S001,P0183,2305,124.8929,18.4558,2,"Medium Moving"
2023-02,S005,P0070,2630,142.2500,18.4886,2,"Medium Moving"
2023-02,S005,P0094,2724,147.1429,18.5126,2,"Medium Moving"
2023-02,S004,P0175,2607,140.8214,18.5128,2,"Medium Moving"
2023-02,S005,P0085,2340,126.3571,18.5189,2,"Medium Moving"
2023-02,S002,P0094,2914,157.2857,18.5268,2,"Medium Moving"
2023-02,S001,P0070,2280,123.0357,18.5312,2,"Medium Moving"
2023-02,S001,P0083,2485,133.9643,18.5497,2,"Medium Moving"
2023-02,S005,P0159,2381,128.1429,18.5808,2,"Medium Moving"
2023-02,S005,P0125,3327,178.7500,18.6126,2,"Medium Moving"
2023-02,S005,P0096,2597,139.2143,18.6547,2,"Medium Moving"
2023-02,S001,P0129,2540,135.9286,18.6863,2,"Medium Moving"
2023-02,S005,P0083,2450,130.9286,18.7125,2,"Medium Moving"
2023-02,S003,P0096,2730,145.7143,18.7353,2,"Medium Moving"
2023-02,S003,P0068,2573,137.3214,18.7371,2,"Medium Moving"
2023-02,S003,P0183,2711,144.1429,18.8077,2,"Medium Moving"
2023-02,S001,P0069,3289,174.5714,18.8404,2,"Medium Moving"
2023-02,S004,P0159,2664,141.3571,18.8459,2,"Medium Moving"
2023-02,S002,P0085,2512,133.1786,18.8619,2,"Medium Moving"
2023-02,S004,P0017,2626,139.0714,18.8824,2,"Medium Moving"
2023-02,S004,P0166,2648,140.0714,18.9046,2,"Medium Moving"
2023-02,S003,P0129,2730,144.3929,18.9068,2,"Medium Moving"
2023-02,S002,P0116,2761,145.9643,18.9156,2,"Medium Moving"
2023-02,S004,P0016,3606,190.2500,18.9540,2,"Medium Moving"
2023-02,S001,P0079,2477,130.6429,18.9601,2,"Medium Moving"
2023-02,S003,P0153,2653,139.7857,18.9790,2,"Medium Moving"
2023-02,S005,P0149,2277,119.6786,19.0260,2,"Medium Moving"
2023-02,S001,P0017,2709,142.1786,19.0535,2,"Medium Moving"
2023-02,S003,P0166,2797,146.7500,19.0596,2,"Medium Moving"
2023-02,S001,P0094,2701,141.3929,19.1028,2,"Medium Moving"
2023-02,S002,P0166,2619,136.7857,19.1467,2,"Medium Moving"
2023-02,S001,P0096,2676,139.7500,19.1485,2,"Medium Moving"
2023-02,S003,P0057,3382,175.7857,19.2393,2,"Medium Moving"
2023-02,S002,P0068,2372,122.8214,19.3126,2,"Medium Moving"
2023-02,S002,P0067,2499,129.2500,19.3346,2,"Medium Moving"
2023-02,S005,P0166,2502,129.2143,19.3632,2,"Medium Moving"
2023-02,S004,P0057,3453,177.3571,19.4692,2,"Medium Moving"
2023-02,S002,P0153,2633,134.9286,19.5140,2,"Medium Moving"
2023-02,S005,P0133,3638,186.2500,19.5329,2,"Medium Moving"
2023-02,S001,P0125,3804,194.6786,19.5399,2,"Medium Moving"
2023-02,S001,P0126,3434,175.4286,19.5749,2,"Medium Moving"
2023-02,S004,P0129,2697,137.4643,19.6196,2,"Medium Moving"
2023-02,S003,P0079,2825,143.6429,19.6668,3,"Fast Moving"
2023-02,S005,P0017,2720,138.2143,19.6796,3,"Fast Moving"
2023-02,S001,P0133,3412,172.8571,19.7388,3,"Fast Moving"
2023-02,S003,P0017,2767,139.4643,19.8402,3,"Fast Moving"
2023-02,S003,P0066,3722,187.5000,19.8507,3,"Fast Moving"
2023-02,S001,P0178,3735,187.8571,19.8821,3,"Fast Moving"
2023-02,S004,P0125,3233,162.5000,19.8954,3,"Fast Moving"
2023-02,S001,P0061,3704,185.6786,19.9485,3,"Fast Moving"
2023-02,S002,P0178,3640,182.4643,19.9491,3,"Fast Moving"
2023-02,S002,P0187,3704,185.6429,19.9523,3,"Fast Moving"
2023-02,S005,P0069,3745,187.6071,19.9619,3,"Fast Moving"
2023-02,S003,P0133,3821,191.2143,19.9828,3,"Fast Moving"
2023-02,S003,P0016,3949,197.1786,20.0275,3,"Fast Moving"
2023-02,S002,P0083,2836,141.5714,20.0323,3,"Fast Moving"
2023-02,S004,P0046,3486,173.6786,20.0716,3,"Fast Moving"
2023-02,S001,P0057,3873,192.7143,20.0971,3,"Fast Moving"
2023-02,S005,P0178,3619,179.3929,20.1736,3,"Fast Moving"
2023-02,S003,P0061,3669,181.8571,20.1752,3,"Fast Moving"
2023-02,S005,P0126,3806,187.6786,20.2794,3,"Fast Moving"
2023-02,S005,P0016,3590,176.8929,20.2948,3,"Fast Moving"
2023-02,S002,P0061,3710,182.7857,20.2970,3,"Fast Moving"
2023-02,S003,P0178,3790,186.1071,20.3646,3,"Fast Moving"
2023-02,S001,P0016,3783,185.6429,20.3778,3,"Fast Moving"
2023-02,S005,P0066,3541,173.3929,20.4218,3,"Fast Moving"
2023-02,S004,P0126,3844,187.4286,20.5091,3,"Fast Moving"
2023-02,S003,P0069,3746,182.4286,20.5341,3,"Fast Moving"
2023-02,S004,P0066,3573,173.5357,20.5894,3,"Fast Moving"
2023-02,S004,P0061,4051,196.5714,20.6083,3,"Fast Moving"
2023-02,S002,P0133,3629,176.0714,20.6110,3,"Fast Moving"
2023-02,S004,P0178,3747,181.6071,20.6324,3,"Fast Moving"
2023-02,S003,P0187,3738,181.0000,20.6519,3,"Fast Moving"
2023-02,S003,P0046,4042,194.3929,20.7929,3,"Fast Moving"
2023-02,S002,P0069,3553,170.8571,20.7952,3,"Fast Moving"
2023-02,S002,P0126,3557,170.8214,20.8229,3,"Fast Moving"
2023-02,S005,P0046,3699,177.0714,20.8899,3,"Fast Moving"
2023-02,S001,P0046,3716,177.7857,20.9016,3,"Fast Moving"
2023-02,S003,P0126,3322,158.8214,20.9166,3,"Fast Moving"
2023-02,S002,P0057,3492,165.9643,21.0407,3,"Fast Moving"
2023-02,S005,P0061,4088,193.9286,21.0799,3,"Fast Moving"
2023-02,S002,P0016,3874,183.6429,21.0953,3,"Fast Moving"
2023-02,S005,P0057,3718,175.8214,21.1465,3,"Fast Moving"
2023-02,S004,P0187,4015,189.8214,21.1515,3,"Fast Moving"
2023-02,S001,P0066,3666,173.3214,21.1515,3,"Fast Moving"
2023-02,S004,P0069,4026,189.5000,21.2454,3,"Fast Moving"
2023-02,S003,P0125,4132,193.4286,21.3619,3,"Fast Moving"
2023-02,S001,P0187,3790,177.1429,21.3952,3,"Fast Moving"
2023-02,S002,P0125,3864,180.4286,21.4157,3,"Fast Moving"
2023-02,S005,P0187,3753,175.0714,21.4370,3,"Fast Moving"
2023-02,S004,P0133,3952,184.2857,21.4450,3,"Fast Moving"
2023-02,S002,P0046,3774,169.5357,22.2608,3,"Fast Moving"
2023-03,S002,P0085,2448,138.8065,17.6361,1,"Slow Moving"
2023-03,S005,P0083,2527,142.0645,17.7877,1,"Slow Moving"
2023-03,S004,P0175,2587,143.0645,18.0828,1,"Slow Moving"
2023-03,S003,P0175,2680,144.1613,18.5903,1,"Slow Moving"
2023-03,S004,P0171,2628,140.8387,18.6596,1,"Slow Moving"
2023-03,S005,P0126,2911,155.5806,18.7106,1,"Slow Moving"
2023-03,S001,P0175,2766,147.1613,18.7957,1,"Slow Moving"
2023-03,S005,P0057,2890,152.7097,18.9248,1,"Slow Moving"
2023-03,S001,P0085,2587,136.3226,18.9770,1,"Slow Moving"
2023-03,S001,P0159,2534,133.4839,18.9836,1,"Slow Moving"
2023-03,S004,P0183,2670,140.0645,19.0626,1,"Slow Moving"
2023-03,S001,P0067,2695,141.0968,19.1004,1,"Slow Moving"
2023-03,S004,P0159,2688,140.5806,19.1207,1,"Slow Moving"
2023-03,S001,P0069,2459,128.4194,19.1482,1,"Slow Moving"
2023-03,S001,P0083,2729,142.3226,19.1748,1,"Slow Moving"
2023-03,S001,P0057,2766,143.9677,19.2126,1,"Slow Moving"
2023-03,S005,P0070,2889,150.1613,19.2393,1,"Slow Moving"
2023-03,S004,P0187,2807,145.7742,19.2558,1,"Slow Moving"
2023-03,S003,P0069,2968,154.0000,19.2727,1,"Slow Moving"
2023-03,S002,P0166,2756,142.7419,19.3076,1,"Slow Moving"
2023-03,S002,P0187,2939,152.1290,19.3191,1,"Slow Moving"
2023-03,S003,P0171,2798,144.6774,19.3396,1,"Slow Moving"
2023-03,S005,P0159,2666,137.5806,19.3777,1,"Slow Moving"
2023-03,S003,P0085,2896,149.3226,19.3943,1,"Slow Moving"
2023-03,S001,P0017,2714,139.5161,19.4529,1,"Slow Moving"
2023-03,S001,P0126,2606,133.9032,19.4618,1,"Slow Moving"
2023-03,S002,P0046,2894,148.4194,19.4988,1,"Slow Moving"
2023-03,S005,P0046,2672,137.0323,19.4991,1,"Slow Moving"
2023-03,S004,P0085,2628,134.6452,19.5180,1,"Slow Moving"
2023-03,S002,P0069,2844,145.7097,19.5183,1,"Slow Moving"
2023-03,S002,P0070,2834,144.5161,19.6103,1,"Slow Moving"
2023-03,S001,P0166,2767,141.0645,19.6151,1,"Slow Moving"
2023-03,S003,P0061,2556,130.2903,19.6177,1,"Slow Moving"
2023-03,S002,P0175,2527,128.5806,19.6530,1,"Slow Moving"
2023-03,S001,P0183,2675,135.9677,19.6738,1,"Slow Moving"
2023-03,S003,P0083,2762,140.3226,19.6832,1,"Slow Moving"
2023-03,S003,P0067,2786,140.9032,19.7724,1,"Slow Moving"
2023-03,S005,P0094,3131,158.1290,19.8003,1,"Slow Moving"
2023-03,S003,P0125,3195,161.1290,19.8288,1,"Slow Moving"
2023-03,S002,P0171,2637,132.9677,19.8319,1,"Slow Moving"
2023-03,S004,P0079,3189,160.4839,19.8712,1,"Slow Moving"
2023-03,S002,P0067,2738,137.7742,19.8731,1,"Slow Moving"
2023-03,S002,P0031,2974,149.5806,19.8823,1,"Slow Moving"
2023-03,S003,P0153,2779,139.7419,19.8867,1,"Slow Moving"
2023-03,S002,P0133,2614,131.4194,19.8905,1,"Slow Moving"
2023-03,S005,P0067,3181,159.8710,19.8973,1,"Slow Moving"
2023-03,S002,P0079,3030,152.1935,19.9089,1,"Slow Moving"
2023-03,S001,P0061,2865,143.6129,19.9495,1,"Slow Moving"
2023-03,S002,P0083,2674,134.0323,19.9504,1,"Slow Moving"
2023-03,S002,P0096,2881,144.1613,19.9846,1,"Slow Moving"
2023-03,S003,P0149,3015,150.8065,19.9925,2,"Medium Moving"
2023-03,S005,P0031,2797,139.7419,20.0155,2,"Medium Moving"
2023-03,S001,P0016,3015,150.5806,20.0225,2,"Medium Moving"
2023-03,S003,P0016,3076,153.6129,20.0244,2,"Medium Moving"
2023-03,S005,P0079,2834,141.4839,20.0306,2,"Medium Moving"
2023-03,S001,P0094,2806,140.0323,20.0382,2,"Medium Moving"
2023-03,S003,P0079,2848,142.0645,20.0472,2,"Medium Moving"
2023-03,S003,P0068,2480,123.5484,20.0731,2,"Medium Moving"
2023-03,S004,P0149,2798,139.0645,20.1202,2,"Medium Moving"
2023-03,S005,P0068,2553,126.7419,20.1433,2,"Medium Moving"
2023-03,S002,P0125,2827,140.0645,20.1836,2,"Medium Moving"
2023-03,S003,P0166,3005,148.5806,20.2247,2,"Medium Moving"
2023-03,S001,P0068,2670,131.8387,20.2520,2,"Medium Moving"
2023-03,S004,P0129,2650,130.8387,20.2539,2,"Medium Moving"
2023-03,S004,P0057,2756,136.0000,20.2647,2,"Medium Moving"
2023-03,S003,P0159,2707,133.5484,20.2698,2,"Medium Moving"
2023-03,S002,P0129,3008,148.3871,20.2713,2,"Medium Moving"
2023-03,S005,P0166,2879,141.9677,20.2793,2,"Medium Moving"
2023-03,S003,P0183,2891,142.3226,20.3130,2,"Medium Moving"
2023-03,S001,P0070,2595,127.6129,20.3349,2,"Medium Moving"
2023-03,S004,P0068,2897,142.4194,20.3413,2,"Medium Moving"
2023-03,S002,P0183,2848,139.9355,20.3522,2,"Medium Moving"
2023-03,S003,P0126,3239,159.0968,20.3587,2,"Medium Moving"
2023-03,S002,P0061,3237,158.6452,20.4040,2,"Medium Moving"
2023-03,S001,P0149,3081,151.0000,20.4040,2,"Medium Moving"
2023-03,S004,P0096,2936,143.6452,20.4393,2,"Medium Moving"
2023-03,S003,P0133,3155,154.3226,20.4442,2,"Medium Moving"
2023-03,S005,P0116,2892,141.0000,20.5106,2,"Medium Moving"
2023-03,S002,P0116,2981,145.3226,20.5130,2,"Medium Moving"
2023-03,S001,P0125,2773,135.0323,20.5358,2,"Medium Moving"
2023-03,S004,P0069,2977,144.8387,20.5539,2,"Medium Moving"
2023-03,S004,P0125,3040,147.7419,20.5764,2,"Medium Moving"
2023-03,S003,P0046,2883,140.0323,20.5881,2,"Medium Moving"
2023-03,S001,P0031,2812,136.4194,20.6129,2,"Medium Moving"
2023-03,S005,P0133,2961,143.6129,20.6179,2,"Medium Moving"
2023-03,S005,P0085,2946,142.7742,20.6340,2,"Medium Moving"
2023-03,S004,P0178,2674,129.4194,20.6615,2,"Medium Moving"
2023-03,S004,P0031,2865,138.6452,20.6643,2,"Medium Moving"
2023-03,S003,P0178,3171,153.1613,20.7037,2,"Medium Moving"
2023-03,S001,P0079,3020,145.7742,20.7170,2,"Medium Moving"
2023-03,S004,P0070,2691,129.8065,20.7309,2,"Medium Moving"
2023-03,S004,P0066,2753,132.7742,20.7345,2,"Medium Moving"
2023-03,S004,P0061,2669,128.7097,20.7366,2,"Medium Moving"
2023-03,S005,P0187,2960,142.6774,20.7461,2,"Medium Moving"
2023-03,S005,P0066,2679,129.0968,20.7519,2,"Medium Moving"
2023-03,S003,P0187,3027,145.7419,20.7696,2,"Medium Moving"
2023-03,S001,P0096,3201,154.0968,20.7727,2,"Medium Moving"
2023-03,S003,P0129,2716,130.7097,20.7789,2,"Medium Moving"
2023-03,S004,P0166,2973,143.0323,20.7855,2,"Medium Moving"
2023-03,S002,P0094,3341,160.6129,20.8016,2,"Medium Moving"
2023-03,S005,P0171,2747,132.0000,20.8106,3,"Fast Moving"
2023-03,S004,P0067,3109,149.1935,20.8387,3,"Fast Moving"
2023-03,S004,P0083,2986,143.2258,20.8482,3,"Fast Moving"
2023-03,S004,P0016,3049,146.1290,20.8651,3,"Fast Moving"
2023-03,S001,P0116,3144,150.4839,20.8926,3,"Fast Moving"
2023-03,S005,P0061,3017,144.3871,20.8952,3,"Fast Moving"
2023-03,S003,P0066,3038,145.2581,20.9145,3,"Fast Moving"
2023-03,S004,P0017,3049,145.5484,20.9484,3,"Fast Moving"
2023-03,S002,P0126,3064,146.2581,20.9493,3,"Fast Moving"
2023-03,S005,P0125,2947,140.2903,21.0064,3,"Fast Moving"
2023-03,S002,P0159,3192,151.9032,21.0134,3,"Fast Moving"
2023-03,S004,P0126,2972,141.4194,21.0155,3,"Fast Moving"
2023-03,S001,P0133,2976,141.5484,21.0246,3,"Fast Moving"
2023-03,S002,P0066,2979,141.6129,21.0362,3,"Fast Moving"
2023-03,S002,P0153,2776,131.9355,21.0406,3,"Fast Moving"
2023-03,S001,P0171,2824,133.5161,21.1510,3,"Fast Moving"
2023-03,S005,P0178,3355,158.5806,21.1564,3,"Fast Moving"
2023-03,S005,P0183,2858,134.9355,21.1805,3,"Fast Moving"
2023-03,S002,P0149,2941,138.7097,21.2026,3,"Fast Moving"
2023-03,S002,P0016,2825,133.1613,21.2149,3,"Fast Moving"
2023-03,S001,P0153,3058,144.1290,21.2171,3,"Fast Moving"
2023-03,S004,P0153,3113,146.6129,21.2328,3,"Fast Moving"
2023-03,S001,P0129,3061,144.1290,21.2379,3,"Fast Moving"
2023-03,S003,P0116,2880,135.3548,21.2774,3,"Fast Moving"
2023-03,S005,P0149,2746,128.6774,21.3402,3,"Fast Moving"
2023-03,S002,P0017,3215,150.5484,21.3553,3,"Fast Moving"
2023-03,S005,P0175,2724,127.3871,21.3836,3,"Fast Moving"
2023-03,S002,P0068,2787,129.7742,21.4758,3,"Fast Moving"
2023-03,S004,P0046,3115,144.8065,21.5115,3,"Fast Moving"
2023-03,S001,P0066,3076,142.7419,21.5494,3,"Fast Moving"
2023-03,S005,P0129,3026,140.1290,21.5944,3,"Fast Moving"
2023-03,S003,P0057,2928,135.5484,21.6011,3,"Fast Moving"
2023-03,S005,P0069,2827,130.0323,21.7408,3,"Fast Moving"
2023-03,S003,P0096,2909,133.7419,21.7508,3,"Fast Moving"
2023-03,S002,P0178,3009,138.1935,21.7738,3,"Fast Moving"
2023-03,S005,P0096,3128,143.3871,21.8151,3,"Fast Moving"
2023-03,S001,P0046,2891,132.3548,21.8428,3,"Fast Moving"
2023-03,S004,P0116,3027,138.5806,21.8429,3,"Fast Moving"
2023-03,S003,P0031,2615,119.6129,21.8622,3,"Fast Moving"
2023-03,S002,P0057,2894,132.0000,21.9242,3,"Fast Moving"
2023-03,S003,P0094,2888,131.3871,21.9808,3,"Fast Moving"
2023-03,S004,P0094,2978,135.3548,22.0014,3,"Fast Moving"
2023-03,S001,P0187,3104,140.6452,22.0697,3,"Fast Moving"
2023-03,S001,P0178,3402,154.0323,22.0863,3,"Fast Moving"
2023-03,S005,P0017,3233,146.0645,22.1341,3,"Fast Moving"
2023-03,S004,P0133,3140,141.3548,22.2136,3,"Fast Moving"
2023-03,S003,P0017,3143,141.4839,22.2145,3,"Fast Moving"
2023-03,S003,P0070,2800,126.0000,22.2222,3,"Fast Moving"
2023-03,S005,P0153,2915,129.1935,22.5630,3,"Fast Moving"
2023-03,S005,P0016,3152,135.2903,23.2980,3,"Fast Moving"
2023-04,S002,P0085,2680,152.6667,17.5546,1,"Slow Moving"
2023-04,S005,P0070,2414,136.6000,17.6720,1,"Slow Moving"
2023-04,S002,P0017,2675,150.6333,17.7584,1,"Slow Moving"
2023-04,S001,P0159,2657,147.4000,18.0258,1,"Slow Moving"
2023-04,S003,P0175,2498,138.5667,18.0274,1,"Slow Moving"
2023-04,S004,P0133,2873,159.0667,18.0616,1,"Slow Moving"
2023-04,S001,P0096,2475,136.9333,18.0745,1,"Slow Moving"
2023-04,S004,P0149,2474,136.7667,18.0892,1,"Slow Moving"
2023-04,S004,P0178,2830,155.9667,18.1449,1,"Slow Moving"
2023-04,S004,P0083,2488,136.9333,18.1694,1,"Slow Moving"
2023-04,S003,P0070,2660,146.2667,18.1860,1,"Slow Moving"
2023-04,S001,P0153,2842,156.1667,18.1985,1,"Slow Moving"
2023-04,S003,P0031,2558,140.2333,18.2410,1,"Slow Moving"
2023-04,S004,P0129,2333,127.6667,18.2742,1,"Slow Moving"
2023-04,S005,P0125,2721,148.5667,18.3150,1,"Slow Moving"
2023-04,S002,P0178,2646,144.4667,18.3156,1,"Slow Moving"
2023-04,S001,P0125,2821,153.6333,18.3619,1,"Slow Moving"
2023-04,S005,P0094,2763,150.4667,18.3629,1,"Slow Moving"
2023-04,S001,P0066,2762,150.1667,18.3929,1,"Slow Moving"
2023-04,S005,P0166,3072,166.5000,18.4505,1,"Slow Moving"
2023-04,S002,P0031,2576,139.4333,18.4748,1,"Slow Moving"
2023-04,S001,P0175,2722,147.2667,18.4835,1,"Slow Moving"
2023-04,S005,P0159,2410,130.2333,18.5052,1,"Slow Moving"
2023-04,S001,P0149,2610,140.7000,18.5501,1,"Slow Moving"
2023-04,S004,P0069,2623,141.3333,18.5590,1,"Slow Moving"
2023-04,S002,P0125,2458,132.2000,18.5930,1,"Slow Moving"
2023-04,S005,P0129,2902,155.6000,18.6504,1,"Slow Moving"
2023-04,S001,P0046,2909,155.9333,18.6554,1,"Slow Moving"
2023-04,S002,P0068,2579,138.0333,18.6839,1,"Slow Moving"
2023-04,S004,P0067,2540,135.9000,18.6902,1,"Slow Moving"
2023-04,S002,P0171,2305,123.1333,18.7195,1,"Slow Moving"
2023-04,S002,P0159,3135,167.4667,18.7201,1,"Slow Moving"
2023-04,S002,P0126,2900,154.7333,18.7419,1,"Slow Moving"
2023-04,S002,P0116,2762,147.3000,18.7508,1,"Slow Moving"
2023-04,S004,P0094,2626,139.5000,18.8244,1,"Slow Moving"
2023-04,S004,P0159,2615,138.8667,18.8310,1,"Slow Moving"
2023-04,S002,P0057,2647,140.5000,18.8399,1,"Slow Moving"
2023-04,S001,P0126,3057,162.0667,18.8626,1,"Slow Moving"
2023-04,S004,P0171,2592,137.3333,18.8738,1,"Slow Moving"
2023-04,S004,P0016,3090,163.5667,18.8914,1,"Slow Moving"
2023-04,S002,P0070,2467,130.3667,18.9235,1,"Slow Moving"
2023-04,S001,P0083,2741,144.6000,18.9557,1,"Slow Moving"
2023-04,S004,P0070,2739,144.2667,18.9857,1,"Slow Moving"
2023-04,S002,P0187,2836,149.3667,18.9868,1,"Slow Moving"
2023-04,S004,P0166,3032,159.1667,19.0492,1,"Slow Moving"
2023-04,S005,P0171,2811,147.5000,19.0576,1,"Slow Moving"
2023-04,S005,P0085,2690,140.9333,19.0870,1,"Slow Moving"
2023-04,S005,P0096,2694,140.9000,19.1199,1,"Slow Moving"
2023-04,S001,P0067,2715,141.9000,19.1332,1,"Slow Moving"
2023-04,S002,P0129,2800,146.0333,19.1737,1,"Slow Moving"
2023-04,S003,P0017,2688,140.1000,19.1863,2,"Medium Moving"
2023-04,S001,P0187,2521,131.2000,19.2149,2,"Medium Moving"
2023-04,S001,P0094,2596,135.0667,19.2201,2,"Medium Moving"
2023-04,S002,P0066,2838,147.5667,19.2320,2,"Medium Moving"
2023-04,S005,P0153,2718,141.3000,19.2357,2,"Medium Moving"
2023-04,S001,P0057,2599,135.1000,19.2376,2,"Medium Moving"
2023-04,S003,P0126,2763,143.4667,19.2588,2,"Medium Moving"
2023-04,S004,P0187,2886,149.8333,19.2614,2,"Medium Moving"
2023-04,S005,P0016,2648,137.1667,19.3050,2,"Medium Moving"
2023-04,S003,P0125,2557,132.4000,19.3127,2,"Medium Moving"
2023-04,S005,P0068,2800,144.6333,19.3593,2,"Medium Moving"
2023-04,S004,P0116,2767,142.8000,19.3768,2,"Medium Moving"
2023-04,S003,P0171,2914,150.2333,19.3965,2,"Medium Moving"
2023-04,S003,P0159,2571,132.5333,19.3989,2,"Medium Moving"
2023-04,S004,P0079,2849,146.8000,19.4074,2,"Medium Moving"
2023-04,S004,P0017,2931,150.9667,19.4149,2,"Medium Moving"
2023-04,S003,P0068,2721,139.8000,19.4635,2,"Medium Moving"
2023-04,S002,P0079,2845,146.1333,19.4685,2,"Medium Moving"
2023-04,S004,P0031,2847,146.1667,19.4778,2,"Medium Moving"
2023-04,S002,P0069,2764,141.8333,19.4877,2,"Medium Moving"
2023-04,S003,P0149,2815,144.4000,19.4945,2,"Medium Moving"
2023-04,S001,P0129,2791,143.1000,19.5038,2,"Medium Moving"
2023-04,S002,P0183,2817,144.1667,19.5399,2,"Medium Moving"
2023-04,S003,P0057,2431,124.4000,19.5418,2,"Medium Moving"
2023-04,S005,P0116,2899,148.3333,19.5438,2,"Medium Moving"
2023-04,S003,P0016,2818,144.1667,19.5468,2,"Medium Moving"
2023-04,S003,P0085,3070,156.7667,19.5832,2,"Medium Moving"
2023-04,S002,P0094,2921,149.1000,19.5909,2,"Medium Moving"
2023-04,S004,P0085,2689,137.0667,19.6182,2,"Medium Moving"
2023-04,S005,P0187,2585,131.4333,19.6678,2,"Medium Moving"
2023-04,S004,P0126,2883,146.4667,19.6837,2,"Medium Moving"
2023-04,S004,P0125,2762,140.2667,19.6911,2,"Medium Moving"
2023-04,S002,P0067,3154,159.8667,19.7289,2,"Medium Moving"
2023-04,S003,P0096,2844,144.0000,19.7500,2,"Medium Moving"
2023-04,S005,P0069,2980,150.7000,19.7744,2,"Medium Moving"
2023-04,S005,P0061,2833,143.2000,19.7835,2,"Medium Moving"
2023-04,S001,P0016,2741,138.4667,19.7954,2,"Medium Moving"
2023-04,S001,P0068,2497,126.0333,19.8122,2,"Medium Moving"
2023-04,S003,P0133,2933,147.9333,19.8265,2,"Medium Moving"
2023-04,S005,P0066,2616,131.8000,19.8483,2,"Medium Moving"
2023-04,S003,P0153,2835,142.8333,19.8483,2,"Medium Moving"
2023-04,S004,P0057,2960,149.1000,19.8524,2,"Medium Moving"
2023-04,S001,P0061,2934,147.7000,19.8646,2,"Medium Moving"
2023-04,S001,P0116,2922,146.8667,19.8956,2,"Medium Moving"
2023-04,S001,P0171,2721,136.7333,19.9000,2,"Medium Moving"
2023-04,S001,P0070,2864,143.4000,19.9721,2,"Medium Moving"
2023-04,S005,P0149,2796,139.9667,19.9762,2,"Medium Moving"
2023-04,S003,P0066,3073,153.5000,20.0195,2,"Medium Moving"
2023-04,S001,P0079,2912,144.8000,20.1105,2,"Medium Moving"
2023-04,S003,P0094,2764,137.1333,20.1556,2,"Medium Moving"
2023-04,S001,P0017,2915,144.4000,20.1870,3,"Fast Moving"
2023-04,S001,P0178,2825,139.9333,20.1882,3,"Fast Moving"
2023-04,S001,P0183,2929,145.0333,20.1954,3,"Fast Moving"
2023-04,S002,P0166,2664,131.4000,20.2740,3,"Fast Moving"
2023-04,S004,P0066,3214,158.2000,20.3161,3,"Fast Moving"
2023-04,S004,P0061,3145,154.7667,20.3209,3,"Fast Moving"
2023-04,S002,P0061,2685,131.9667,20.3460,3,"Fast Moving"
2023-04,S001,P0133,2945,144.6333,20.3618,3,"Fast Moving"
2023-04,S003,P0067,2938,144.2667,20.3651,3,"Fast Moving"
2023-04,S003,P0178,2822,138.5667,20.3656,3,"Fast Moving"
2023-04,S004,P0068,2593,127.1667,20.3906,3,"Fast Moving"
2023-04,S002,P0133,3148,154.3333,20.3974,3,"Fast Moving"
2023-04,S005,P0175,3202,156.8667,20.4122,3,"Fast Moving"
2023-04,S005,P0079,2745,134.3000,20.4393,3,"Fast Moving"
2023-04,S003,P0166,2965,144.9333,20.4577,3,"Fast Moving"
2023-04,S002,P0153,2768,135.2333,20.4683,3,"Fast Moving"
2023-04,S004,P0175,2662,129.9667,20.4822,3,"Fast Moving"
2023-04,S001,P0166,3060,149.1333,20.5186,3,"Fast Moving"
2023-04,S005,P0046,2588,125.7667,20.5778,3,"Fast Moving"
2023-04,S004,P0153,3070,149.0333,20.5994,3,"Fast Moving"
2023-04,S003,P0079,3016,146.1000,20.6434,3,"Fast Moving"
2023-04,S003,P0129,3280,158.8667,20.6462,3,"Fast Moving"
2023-04,S004,P0096,3050,147.4667,20.6826,3,"Fast Moving"
2023-04,S005,P0183,2580,124.5000,20.7229,3,"Fast Moving"
2023-04,S005,P0133,2713,130.9000,20.7257,3,"Fast Moving"
2023-04,S004,P0046,3039,146.6000,20.7299,3,"Fast Moving"
2023-04,S003,P0069,2878,138.6667,20.7548,3,"Fast Moving"
2023-04,S005,P0031,2900,139.5667,20.7786,3,"Fast Moving"
2023-04,S001,P0069,2841,136.2000,20.8590,3,"Fast Moving"
2023-04,S003,P0183,2837,135.8667,20.8808,3,"Fast Moving"
2023-04,S005,P0178,3096,148.0667,20.9095,3,"Fast Moving"
2023-04,S004,P0183,2683,128.2000,20.9282,3,"Fast Moving"
2023-04,S001,P0085,2637,126.0000,20.9286,3,"Fast Moving"
2023-04,S005,P0017,2503,119.5667,20.9339,3,"Fast Moving"
2023-04,S003,P0187,2863,136.3667,20.9949,3,"Fast Moving"
2023-04,S003,P0061,2597,123.6667,21.0000,3,"Fast Moving"
2023-04,S002,P0096,2989,142.0000,21.0493,3,"Fast Moving"
2023-04,S003,P0116,3114,147.5667,21.1023,3,"Fast Moving"
2023-04,S005,P0126,3075,145.6333,21.1147,3,"Fast Moving"
2023-04,S005,P0067,3098,146.5333,21.1419,3,"Fast Moving"
2023-04,S002,P0016,3142,148.5667,21.1488,3,"Fast Moving"
2023-04,S005,P0057,3183,149.9667,21.2247,3,"Fast Moving"
2023-04,S005,P0083,2952,138.8667,21.2578,3,"Fast Moving"
2023-04,S001,P0031,2696,126.7333,21.2730,3,"Fast Moving"
2023-04,S002,P0083,3078,143.8333,21.3998,3,"Fast Moving"
2023-04,S002,P0046,3135,146.3333,21.4237,3,"Fast Moving"
2023-04,S002,P0149,2830,131.2000,21.5701,3,"Fast Moving"
2023-04,S002,P0175,2777,128.7333,21.5717,3,"Fast Moving"
2023-04,S003,P0083,2928,135.5667,21.5982,3,"Fast Moving"
2023-04,S003,P0046,3121,144.4000,21.6136,3,"Fast Moving"
2023-05,S004,P0096,2561,141.6452,18.0804,1,"Slow Moving"
2023-05,S004,P0149,2764,150.1935,18.4029,1,"Slow Moving"
2023-05,S002,P0133,2902,156.4839,18.5450,1,"Slow Moving"
2023-05,S002,P0159,2603,139.3226,18.6833,1,"Slow Moving"
2023-05,S001,P0183,2711,144.4516,18.7675,1,"Slow Moving"
2023-05,S005,P0068,2962,157.5806,18.7967,1,"Slow Moving"
2023-05,S001,P0069,2637,139.5484,18.8967,1,"Slow Moving"
2023-05,S004,P0061,2711,143.2581,18.9239,1,"Slow Moving"
2023-05,S005,P0016,2818,147.0968,19.1575,1,"Slow Moving"
2023-05,S003,P0126,2833,147.5161,19.2047,1,"Slow Moving"
2023-05,S003,P0066,2700,140.5806,19.2061,1,"Slow Moving"
2023-05,S005,P0175,2623,136.1613,19.2639,1,"Slow Moving"
2023-05,S003,P0159,2651,137.5161,19.2777,1,"Slow Moving"
2023-05,S002,P0031,2721,140.8065,19.3244,1,"Slow Moving"
2023-05,S002,P0016,2824,145.6452,19.3896,1,"Slow Moving"
2023-05,S004,P0129,3166,162.7742,19.4503,1,"Slow Moving"
2023-05,S001,P0085,2368,121.5161,19.4871,1,"Slow Moving"
2023-05,S004,P0178,2874,147.4194,19.4954,1,"Slow Moving"
2023-05,S002,P0017,2908,148.9032,19.5295,1,"Slow Moving"
2023-05,S002,P0175,2569,131.3226,19.5625,1,"Slow Moving"
2023-05,S002,P0183,2721,139.0000,19.5755,1,"Slow Moving"
2023-05,S002,P0116,2530,129.2258,19.5781,1,"Slow Moving"
2023-05,S004,P0126,2798,142.7097,19.6062,1,"Slow Moving"
2023-05,S005,P0066,2618,133.4194,19.6223,1,"Slow Moving"
2023-05,S001,P0153,2931,149.1290,19.6541,1,"Slow Moving"
2023-05,S001,P0116,3089,156.8065,19.6994,1,"Slow Moving"
2023-05,S005,P0070,2874,145.7097,19.7242,1,"Slow Moving"
2023-05,S001,P0187,2786,141.1613,19.7363,1,"Slow Moving"
2023-05,S005,P0096,2898,146.6774,19.7576,1,"Slow Moving"
2023-05,S003,P0083,2651,134.0323,19.7788,1,"Slow Moving"
2023-05,S003,P0046,2884,145.6774,19.7972,1,"Slow Moving"
2023-05,S004,P0159,2731,137.9355,19.7991,1,"Slow Moving"
2023-05,S004,P0171,2609,131.5161,19.8379,1,"Slow Moving"
2023-05,S002,P0079,2830,142.3548,19.8799,1,"Slow Moving"
2023-05,S004,P0016,2901,145.9032,19.8830,1,"Slow Moving"
2023-05,S005,P0159,2771,139.2903,19.8937,1,"Slow Moving"
2023-05,S001,P0057,3024,152.0000,19.8947,1,"Slow Moving"
2023-05,S005,P0125,2988,149.7097,19.9586,1,"Slow Moving"
2023-05,S002,P0126,2909,145.6129,19.9776,1,"Slow Moving"
2023-05,S004,P0070,2552,127.7097,19.9828,1,"Slow Moving"
2023-05,S004,P0187,3151,157.6452,19.9879,1,"Slow Moving"
2023-05,S002,P0125,3346,167.2258,20.0089,1,"Slow Moving"
2023-05,S003,P0017,2960,147.7742,20.0306,1,"Slow Moving"
2023-05,S001,P0068,2836,141.5806,20.0310,1,"Slow Moving"
2023-05,S001,P0159,2626,131.0323,20.0409,1,"Slow Moving"
2023-05,S005,P0031,2962,147.7742,20.0441,1,"Slow Moving"
2023-05,S002,P0066,2876,143.4839,20.0441,1,"Slow Moving"
2023-05,S001,P0067,2850,142.0968,20.0568,1,"Slow Moving"
2023-05,S004,P0085,2757,137.4194,20.0627,1,"Slow Moving"
2023-05,S003,P0061,2934,146.1935,20.0693,1,"Slow Moving"
2023-05,S002,P0171,2660,132.4516,20.0828,2,"Medium Moving"
2023-05,S003,P0070,2735,136.1290,20.0912,2,"Medium Moving"
2023-05,S003,P0116,3078,152.7419,20.1516,2,"Medium Moving"
2023-05,S001,P0171,2625,130.2581,20.1523,2,"Medium Moving"
2023-05,S004,P0066,2953,146.3871,20.1725,2,"Medium Moving"
2023-05,S004,P0069,3148,155.9677,20.1837,2,"Medium Moving"
2023-05,S003,P0178,3101,152.9677,20.2722,2,"Medium Moving"
2023-05,S005,P0171,3102,153.0000,20.2745,2,"Medium Moving"
2023-05,S003,P0175,2797,137.8065,20.2966,2,"Medium Moving"
2023-05,S004,P0125,2836,139.6452,20.3086,2,"Medium Moving"
2023-05,S001,P0066,3155,155.2581,20.3210,2,"Medium Moving"
2023-05,S001,P0016,2950,145.0645,20.3358,2,"Medium Moving"
2023-05,S004,P0031,3025,148.6129,20.3549,2,"Medium Moving"
2023-05,S005,P0183,2930,143.9355,20.3563,2,"Medium Moving"
2023-05,S001,P0133,2925,143.6452,20.3627,2,"Medium Moving"
2023-05,S003,P0183,2694,132.2258,20.3742,2,"Medium Moving"
2023-05,S003,P0125,2764,135.6452,20.3767,2,"Medium Moving"
2023-05,S002,P0149,2838,139.2581,20.3794,2,"Medium Moving"
2023-05,S002,P0187,2883,141.4194,20.3862,2,"Medium Moving"
2023-05,S003,P0171,3105,152.1935,20.4017,2,"Medium Moving"
2023-05,S002,P0070,2813,137.8065,20.4127,2,"Medium Moving"
2023-05,S004,P0017,2949,144.3548,20.4288,2,"Medium Moving"
2023-05,S005,P0083,2781,136.0968,20.4340,2,"Medium Moving"
2023-05,S002,P0046,2844,139.1290,20.4415,2,"Medium Moving"
2023-05,S005,P0126,2570,125.6129,20.4597,2,"Medium Moving"
2023-05,S005,P0153,3060,149.3548,20.4881,2,"Medium Moving"
2023-05,S001,P0126,2963,144.5161,20.5029,2,"Medium Moving"
2023-05,S003,P0096,3051,148.7742,20.5076,2,"Medium Moving"
2023-05,S002,P0061,2632,128.3226,20.5108,2,"Medium Moving"
2023-05,S001,P0175,2853,139.0968,20.5109,2,"Medium Moving"
2023-05,S001,P0017,2873,139.9355,20.5309,2,"Medium Moving"
2023-05,S003,P0067,2878,140.0968,20.5429,2,"Medium Moving"
2023-05,S002,P0129,3103,150.8065,20.5760,2,"Medium Moving"
2023-05,S005,P0017,2884,140.0968,20.5858,2,"Medium Moving"
2023-05,S003,P0068,2924,142.0323,20.5869,2,"Medium Moving"
2023-05,S004,P0183,2806,136.2903,20.5884,2,"Medium Moving"
2023-05,S002,P0068,2443,118.3226,20.6469,2,"Medium Moving"
2023-05,S001,P0079,2739,132.6129,20.6541,2,"Medium Moving"
2023-05,S001,P0178,3111,150.4516,20.6777,2,"Medium Moving"
2023-05,S002,P0085,2869,138.7097,20.6835,2,"Medium Moving"
2023-05,S003,P0016,2885,139.3871,20.6978,2,"Medium Moving"
2023-05,S001,P0129,2972,143.4516,20.7178,2,"Medium Moving"
2023-05,S004,P0068,3073,148.2581,20.7274,2,"Medium Moving"
2023-05,S004,P0175,2435,117.4516,20.7319,2,"Medium Moving"
2023-05,S005,P0046,2782,133.9355,20.7712,2,"Medium Moving"
2023-05,S002,P0153,3236,155.7097,20.7823,2,"Medium Moving"
2023-05,S005,P0187,2803,134.8710,20.7828,2,"Medium Moving"
2023-05,S004,P0057,2844,136.8065,20.7885,2,"Medium Moving"
2023-05,S003,P0187,2973,142.9677,20.7949,2,"Medium Moving"
2023-05,S004,P0083,3039,146.0645,20.8059,2,"Medium Moving"
2023-05,S003,P0085,2742,131.5806,20.8389,3,"Fast Moving"
2023-05,S002,P0067,3213,153.7419,20.8987,3,"Fast Moving"
2023-05,S003,P0031,2663,127.2903,20.9207,3,"Fast Moving"
2023-05,S005,P0067,2635,125.8387,20.9395,3,"Fast Moving"
2023-05,S002,P0083,3027,144.5161,20.9458,3,"Fast Moving"
2023-05,S004,P0133,3244,154.8387,20.9508,3,"Fast Moving"
2023-05,S005,P0129,3003,143.2581,20.9622,3,"Fast Moving"
2023-05,S003,P0133,2979,142.0323,20.9741,3,"Fast Moving"
2023-05,S002,P0069,2931,139.7419,20.9744,3,"Fast Moving"
2023-05,S002,P0057,2715,128.9032,21.0623,3,"Fast Moving"
2023-05,S001,P0070,2691,127.6774,21.0766,3,"Fast Moving"
2023-05,S001,P0046,3045,144.2903,21.1033,3,"Fast Moving"
2023-05,S001,P0125,2819,133.5806,21.1034,3,"Fast Moving"
2023-05,S001,P0083,2786,131.8710,21.1267,3,"Fast Moving"
2023-05,S004,P0153,2935,138.8710,21.1347,3,"Fast Moving"
2023-05,S003,P0079,2939,138.8065,21.1734,3,"Fast Moving"
2023-05,S003,P0069,3064,144.6452,21.1829,3,"Fast Moving"
2023-05,S001,P0149,2924,137.8710,21.2082,3,"Fast Moving"
2023-05,S005,P0178,2723,128.3871,21.2093,3,"Fast Moving"
2023-05,S002,P0094,3985,187.7742,21.2223,3,"Fast Moving"
2023-05,S002,P0166,3404,160.1935,21.2493,3,"Fast Moving"
2023-05,S004,P0079,3105,146.0323,21.2624,3,"Fast Moving"
2023-05,S004,P0166,3770,177.2258,21.2723,3,"Fast Moving"
2023-05,S002,P0178,3218,151.2258,21.2794,3,"Fast Moving"
2023-05,S004,P0116,2918,136.8710,21.3193,3,"Fast Moving"
2023-05,S003,P0149,2739,128.3548,21.3393,3,"Fast Moving"
2023-05,S001,P0031,2786,130.4839,21.3513,3,"Fast Moving"
2023-05,S004,P0067,3176,148.6774,21.3617,3,"Fast Moving"
2023-05,S002,P0096,2891,135.0645,21.4046,3,"Fast Moving"
2023-05,S005,P0133,3158,147.1290,21.4642,3,"Fast Moving"
2023-05,S001,P0061,3208,149.3871,21.4744,3,"Fast Moving"
2023-05,S003,P0129,3093,144.0000,21.4792,3,"Fast Moving"
2023-05,S005,P0061,3296,153.1613,21.5198,3,"Fast Moving"
2023-05,S003,P0153,3041,141.1290,21.5477,3,"Fast Moving"
2023-05,S005,P0149,3141,145.4839,21.5900,3,"Fast Moving"
2023-05,S005,P0085,2868,131.6774,21.7805,3,"Fast Moving"
2023-05,S001,P0096,3010,137.7097,21.8576,3,"Fast Moving"
2023-05,S005,P0079,3107,142.0323,21.8753,3,"Fast Moving"
2023-05,S003,P0094,3713,169.0645,21.9620,3,"Fast Moving"
2023-05,S005,P0057,3305,150.2903,21.9908,3,"Fast Moving"
2023-05,S001,P0166,3320,150.9032,22.0009,3,"Fast Moving"
2023-05,S003,P0057,3043,137.1290,22.1908,3,"Fast Moving"
2023-05,S004,P0046,3034,136.2581,22.2666,3,"Fast Moving"
2023-05,S005,P0069,3312,147.5161,22.4518,3,"Fast Moving"
2023-05,S005,P0166,3749,165.5161,22.6504,3,"Fast Moving"
2023-05,S003,P0166,3571,157.5806,22.6614,3,"Fast Moving"
2023-05,S005,P0116,2993,131.5484,22.7521,3,"Fast Moving"
2023-05,S005,P0094,3884,170.3548,22.7995,3,"Fast Moving"
2023-05,S004,P0094,3805,165.9677,22.9261,3,"Fast Moving"
2023-05,S001,P0094,3798,161.5161,23.5147,3,"Fast Moving"
2023-06,S002,P0183,2409,139.0667,17.3226,1,"Slow Moving"
2023-06,S002,P0066,2681,154.4667,17.3565,1,"Slow Moving"
2023-06,S005,P0069,2484,140.4000,17.6923,1,"Slow Moving"
2023-06,S001,P0085,2508,140.9000,17.7999,1,"Slow Moving"
2023-06,S001,P0046,2687,150.9333,17.8026,1,"Slow Moving"
2023-06,S005,P0171,2640,146.9000,17.9714,1,"Slow Moving"
2023-06,S002,P0171,2578,142.8667,18.0448,1,"Slow Moving"
2023-06,S003,P0175,2551,141.2333,18.0623,1,"Slow Moving"
2023-06,S002,P0070,2630,145.0333,18.1338,1,"Slow Moving"
2023-06,S002,P0126,2559,140.4000,18.2265,1,"Slow Moving"
2023-06,S002,P0031,2579,141.3333,18.2476,1,"Slow Moving"
2023-06,S005,P0070,2666,144.6000,18.4371,1,"Slow Moving"
2023-06,S004,P0159,2643,143.1333,18.4653,1,"Slow Moving"
2023-06,S001,P0017,2556,138.0667,18.5128,1,"Slow Moving"
2023-06,S003,P0079,2583,139.4333,18.5250,1,"Slow Moving"
2023-06,S002,P0149,2577,138.8667,18.5574,1,"Slow Moving"
2023-06,S004,P0129,2747,147.6333,18.6069,1,"Slow Moving"
2023-06,S004,P0085,2757,148.1000,18.6158,1,"Slow Moving"
2023-06,S003,P0066,3028,162.6333,18.6186,1,"Slow Moving"
2023-06,S003,P0068,2678,143.7667,18.6274,1,"Slow Moving"
2023-06,S003,P0070,2486,133.4333,18.6310,1,"Slow Moving"
2023-06,S004,P0069,2548,136.6333,18.6485,1,"Slow Moving"
2023-06,S005,P0183,2456,131.4000,18.6910,1,"Slow Moving"
2023-06,S002,P0061,2776,148.4333,18.7020,1,"Slow Moving"
2023-06,S004,P0175,2534,135.0667,18.7611,1,"Slow Moving"
2023-06,S001,P0125,2876,153.2667,18.7647,1,"Slow Moving"
2023-06,S005,P0068,2701,143.8667,18.7743,1,"Slow Moving"
2023-06,S002,P0017,2783,147.8667,18.8210,1,"Slow Moving"
2023-06,S004,P0133,2449,130.0333,18.8336,1,"Slow Moving"
2023-06,S004,P0046,2892,153.5333,18.8363,1,"Slow Moving"
2023-06,S004,P0183,2564,135.5000,18.9225,1,"Slow Moving"
2023-06,S005,P0133,2616,138.0333,18.9519,1,"Slow Moving"
2023-06,S002,P0125,2858,150.7000,18.9648,1,"Slow Moving"
2023-06,S003,P0171,2671,140.8333,18.9657,1,"Slow Moving"
2023-06,S001,P0096,2568,135.0333,19.0175,1,"Slow Moving"
2023-06,S003,P0116,2736,143.8667,19.0176,1,"Slow Moving"
2023-06,S002,P0067,2740,143.7667,19.0587,1,"Slow Moving"
2023-06,S003,P0133,2831,148.5000,19.0640,1,"Slow Moving"
2023-06,S004,P0067,2792,146.3667,19.0754,1,"Slow Moving"
2023-06,S005,P0016,2910,152.5000,19.0820,1,"Slow Moving"
2023-06,S001,P0069,2826,147.9333,19.1032,1,"Slow Moving"
2023-06,S003,P0016,2650,138.7000,19.1060,1,"Slow Moving"
2023-06,S001,P0083,2769,144.9000,19.1097,1,"Slow Moving"
2023-06,S005,P0153,2743,143.2667,19.1461,1,"Slow Moving"
2023-06,S004,P0070,2903,151.4000,19.1744,1,"Slow Moving"
2023-06,S005,P0187,2838,147.8667,19.1930,1,"Slow Moving"
2023-06,S003,P0178,2883,150.1000,19.2072,1,"Slow Moving"
2023-06,S001,P0149,2624,136.5667,19.2141,1,"Slow Moving"
2023-06,S004,P0031,2610,135.8333,19.2147,1,"Slow Moving"
2023-06,S002,P0129,2743,142.4667,19.2536,1,"Slow Moving"
2023-06,S001,P0178,2790,144.6333,19.2902,2,"Medium Moving"
2023-06,S003,P0129,2891,149.8000,19.2991,2,"Medium Moving"
2023-06,S004,P0061,2853,147.5667,19.3336,2,"Medium Moving"
2023-06,S004,P0057,3092,159.8667,19.3411,2,"Medium Moving"
2023-06,S004,P0083,2804,144.9667,19.3424,2,"Medium Moving"
2023-06,S001,P0031,2884,148.5000,19.4209,2,"Medium Moving"
2023-06,S001,P0116,2788,143.4333,19.4376,2,"Medium Moving"
2023-06,S002,P0068,2486,127.6333,19.4777,2,"Medium Moving"
2023-06,S001,P0070,2947,151.0667,19.5079,2,"Medium Moving"
2023-06,S002,P0116,2795,142.8667,19.5637,2,"Medium Moving"
2023-06,S003,P0153,2605,133.1000,19.5718,2,"Medium Moving"
2023-06,S003,P0187,3254,166.1667,19.5827,2,"Medium Moving"
2023-06,S005,P0057,3009,153.0000,19.6667,2,"Medium Moving"
2023-06,S005,P0079,2887,146.5667,19.6975,2,"Medium Moving"
2023-06,S002,P0079,3100,157.1667,19.7243,2,"Medium Moving"
2023-06,S004,P0187,3074,155.7000,19.7431,2,"Medium Moving"
2023-06,S003,P0085,2878,145.7333,19.7484,2,"Medium Moving"
2023-06,S002,P0085,2847,144.1333,19.7525,2,"Medium Moving"
2023-06,S002,P0159,2581,130.5333,19.7727,2,"Medium Moving"
2023-06,S001,P0171,2861,144.6000,19.7856,2,"Medium Moving"
2023-06,S003,P0061,2719,137.2000,19.8178,2,"Medium Moving"
2023-06,S005,P0178,2699,136.0333,19.8407,2,"Medium Moving"
2023-06,S003,P0096,2483,125.0333,19.8587,2,"Medium Moving"
2023-06,S005,P0046,2719,136.8000,19.8757,2,"Medium Moving"
2023-06,S005,P0149,2675,134.5333,19.8835,2,"Medium Moving"
2023-06,S002,P0069,2862,143.7333,19.9119,2,"Medium Moving"
2023-06,S005,P0116,2817,141.0000,19.9787,2,"Medium Moving"
2023-06,S001,P0175,2614,130.8333,19.9796,2,"Medium Moving"
2023-06,S001,P0133,2858,143.0000,19.9860,2,"Medium Moving"
2023-06,S003,P0083,2902,145.0667,20.0046,2,"Medium Moving"
2023-06,S004,P0153,2709,135.0333,20.0617,2,"Medium Moving"
2023-06,S005,P0083,2949,146.8667,20.0794,2,"Medium Moving"
2023-06,S002,P0096,2899,144.3667,20.0808,2,"Medium Moving"
2023-06,S004,P0126,2725,135.6333,20.0909,2,"Medium Moving"
2023-06,S002,P0057,2802,139.3333,20.1100,2,"Medium Moving"
2023-06,S003,P0067,2820,140.1000,20.1285,2,"Medium Moving"
2023-06,S003,P0069,2766,137.4000,20.1310,2,"Medium Moving"
2023-06,S001,P0061,2939,145.9667,20.1347,2,"Medium Moving"
2023-06,S001,P0057,2870,142.4333,20.1498,2,"Medium Moving"
2023-06,S004,P0096,3077,152.6000,20.1638,2,"Medium Moving"
2023-06,S003,P0125,2954,146.4667,20.1684,2,"Medium Moving"
2023-06,S002,P0046,2733,135.5000,20.1697,2,"Medium Moving"
2023-06,S003,P0149,2548,126.2667,20.1795,2,"Medium Moving"
2023-06,S004,P0149,2904,143.9000,20.1807,2,"Medium Moving"
2023-06,S005,P0159,2678,132.5000,20.2113,2,"Medium Moving"
2023-06,S001,P0183,2638,130.3333,20.2404,2,"Medium Moving"
2023-06,S004,P0017,3012,148.6667,20.2601,2,"Medium Moving"
2023-06,S004,P0171,2742,135.2333,20.2761,2,"Medium Moving"
2023-06,S003,P0126,3115,153.6000,20.2799,2,"Medium Moving"
2023-06,S005,P0125,2985,147.1667,20.2831,2,"Medium Moving"
2023-06,S001,P0066,2654,130.7667,20.2957,3,"Fast Moving"
2023-06,S002,P0178,2842,140.0000,20.3000,3,"Fast Moving"
2023-06,S003,P0057,2581,127.0667,20.3122,3,"Fast Moving"
2023-06,S005,P0031,2898,142.6333,20.3178,3,"Fast Moving"
2023-06,S002,P0083,2848,139.9667,20.3477,3,"Fast Moving"
2023-06,S005,P0129,2654,130.3333,20.3632,3,"Fast Moving"
2023-06,S001,P0067,2732,133.8667,20.4084,3,"Fast Moving"
2023-06,S002,P0153,2771,135.7000,20.4200,3,"Fast Moving"
2023-06,S003,P0094,3605,176.5333,20.4211,3,"Fast Moving"
2023-06,S003,P0183,2760,135.1000,20.4293,3,"Fast Moving"
2023-06,S002,P0133,2729,133.5333,20.4368,3,"Fast Moving"
2023-06,S004,P0116,2881,140.7667,20.4665,3,"Fast Moving"
2023-06,S005,P0067,2662,129.9000,20.4927,3,"Fast Moving"
2023-06,S001,P0126,2993,145.9667,20.5047,3,"Fast Moving"
2023-06,S003,P0031,2969,144.7667,20.5089,3,"Fast Moving"
2023-06,S005,P0017,2988,145.6333,20.5173,3,"Fast Moving"
2023-06,S001,P0159,2728,132.3667,20.6094,3,"Fast Moving"
2023-06,S004,P0079,3084,149.6000,20.6150,3,"Fast Moving"
2023-06,S005,P0061,2786,134.9000,20.6523,3,"Fast Moving"
2023-06,S001,P0068,2714,130.8667,20.7387,3,"Fast Moving"
2023-06,S004,P0178,2856,137.6667,20.7458,3,"Fast Moving"
2023-06,S004,P0166,3649,175.7667,20.7605,3,"Fast Moving"
2023-06,S001,P0129,2831,135.9000,20.8315,3,"Fast Moving"
2023-06,S001,P0079,2906,139.4000,20.8465,3,"Fast Moving"
2023-06,S002,P0187,2897,138.8667,20.8617,3,"Fast Moving"
2023-06,S005,P0085,2853,136.7000,20.8705,3,"Fast Moving"
2023-06,S005,P0066,2867,137.3667,20.8711,3,"Fast Moving"
2023-06,S003,P0046,2957,141.6000,20.8828,3,"Fast Moving"
2023-06,S004,P0066,2860,136.7667,20.9115,3,"Fast Moving"
2023-06,S002,P0175,2898,138.5667,20.9141,3,"Fast Moving"
2023-06,S003,P0017,2755,131.2333,20.9931,3,"Fast Moving"
2023-06,S005,P0096,2861,136.2667,20.9956,3,"Fast Moving"
2023-06,S004,P0016,3074,146.1000,21.0404,3,"Fast Moving"
2023-06,S004,P0125,3152,149.5333,21.0789,3,"Fast Moving"
2023-06,S001,P0016,3090,146.3000,21.1210,3,"Fast Moving"
2023-06,S001,P0187,3077,145.6667,21.1236,3,"Fast Moving"
2023-06,S003,P0159,2711,128.2000,21.1466,3,"Fast Moving"
2023-06,S004,P0068,2724,128.7000,21.1655,3,"Fast Moving"
2023-06,S002,P0166,3550,167.0333,21.2532,3,"Fast Moving"
2023-06,S003,P0166,3755,176.6667,21.2547,3,"Fast Moving"
2023-06,S004,P0094,3857,180.9667,21.3133,3,"Fast Moving"
2023-06,S001,P0094,3530,165.2333,21.3637,3,"Fast Moving"
2023-06,S001,P0153,3012,140.5000,21.4377,3,"Fast Moving"
2023-06,S002,P0016,3073,143.3333,21.4395,3,"Fast Moving"
2023-06,S005,P0126,2864,133.4667,21.4585,3,"Fast Moving"
2023-06,S005,P0175,2837,130.2333,21.7840,3,"Fast Moving"
2023-06,S002,P0094,3534,161.8667,21.8328,3,"Fast Moving"
2023-06,S005,P0166,3666,166.8667,21.9696,3,"Fast Moving"
2023-06,S001,P0166,3601,163.4333,22.0334,3,"Fast Moving"
2023-06,S005,P0094,4031,179.1000,22.5070,3,"Fast Moving"
2023-07,S002,P0133,2478,140.9032,17.5865,1,"Slow Moving"
2023-07,S002,P0069,2488,140.7742,17.6737,1,"Slow Moving"
2023-07,S003,P0085,2683,148.3871,18.0811,1,"Slow Moving"
2023-07,S001,P0016,2705,148.6129,18.2016,1,"Slow Moving"
2023-07,S003,P0079,2732,149.9677,18.2173,1,"Slow Moving"
2023-07,S003,P0066,2416,131.2903,18.4020,1,"Slow Moving"
2023-07,S005,P0159,2532,137.3226,18.4383,1,"Slow Moving"
2023-07,S002,P0061,2574,139.5484,18.4452,1,"Slow Moving"
2023-07,S003,P0153,2387,129.2903,18.4623,1,"Slow Moving"
2023-07,S004,P0085,2609,141.2581,18.4697,1,"Slow Moving"
2023-07,S003,P0187,2869,154.4194,18.5793,1,"Slow Moving"
2023-07,S003,P0125,2550,136.8387,18.6351,1,"Slow Moving"
2023-07,S003,P0046,2459,130.8710,18.7895,1,"Slow Moving"
2023-07,S003,P0116,2671,142.0645,18.8013,1,"Slow Moving"
2023-07,S005,P0070,3110,164.0645,18.9560,1,"Slow Moving"
2023-07,S002,P0175,2684,140.9355,19.0442,1,"Slow Moving"
2023-07,S002,P0125,2678,140.5806,19.0496,1,"Slow Moving"
2023-07,S004,P0016,2640,138.3548,19.0814,1,"Slow Moving"
2023-07,S002,P0066,3105,162.6774,19.0869,1,"Slow Moving"
2023-07,S003,P0171,2666,139.5484,19.1045,1,"Slow Moving"
2023-07,S001,P0031,3016,157.5806,19.1394,1,"Slow Moving"
2023-07,S004,P0129,2759,144.0645,19.1511,1,"Slow Moving"
2023-07,S003,P0149,2965,154.7097,19.1649,1,"Slow Moving"
2023-07,S004,P0070,2337,121.8065,19.1862,1,"Slow Moving"
2023-07,S003,P0159,2468,128.5161,19.2038,1,"Slow Moving"
2023-07,S002,P0085,2556,132.6774,19.2648,1,"Slow Moving"
2023-07,S004,P0083,2878,148.9032,19.3280,1,"Slow Moving"
2023-07,S004,P0096,3032,156.8710,19.3280,1,"Slow Moving"
2023-07,S005,P0068,2834,146.2258,19.3810,1,"Slow Moving"
2023-07,S001,P0070,2466,127.1613,19.3927,1,"Slow Moving"
2023-07,S002,P0068,2554,131.4839,19.4244,1,"Slow Moving"
2023-07,S004,P0031,2590,133.2903,19.4313,1,"Slow Moving"
2023-07,S004,P0175,2720,139.9355,19.4375,1,"Slow Moving"
2023-07,S001,P0017,2850,146.6129,19.4389,1,"Slow Moving"
2023-07,S002,P0183,3057,157.0000,19.4713,1,"Slow Moving"
2023-07,S001,P0046,2490,127.8710,19.4728,1,"Slow Moving"
2023-07,S002,P0126,3002,154.1290,19.4772,1,"Slow Moving"
2023-07,S004,P0057,2812,143.8387,19.5497,1,"Slow Moving"
2023-07,S005,P0187,2411,123.3226,19.5504,1,"Slow Moving"
2023-07,S001,P0057,3021,154.3871,19.5677,1,"Slow Moving"
2023-07,S005,P0057,2870,146.5484,19.5840,1,"Slow Moving"
2023-07,S001,P0126,2794,142.4194,19.6181,1,"Slow Moving"
2023-07,S003,P0178,2922,148.9355,19.6192,1,"Slow Moving"
2023-07,S002,P0070,2700,137.4516,19.6433,1,"Slow Moving"
2023-07,S005,P0171,2653,134.9355,19.6612,1,"Slow Moving"
2023-07,S002,P0171,2874,145.8065,19.7111,1,"Slow Moving"
2023-07,S001,P0183,2915,147.8065,19.7217,1,"Slow Moving"
2023-07,S005,P0067,2810,142.4194,19.7305,1,"Slow Moving"
2023-07,S003,P0031,2687,136.0968,19.7433,1,"Slow Moving"
2023-07,S001,P0125,2647,134.0000,19.7537,1,"Slow Moving"
2023-07,S002,P0187,2940,148.8065,19.7572,2,"Medium Moving"
2023-07,S001,P0171,2708,137.0323,19.7618,2,"Medium Moving"
2023-07,S003,P0061,2936,148.4194,19.7818,2,"Medium Moving"
2023-07,S005,P0133,3056,154.4194,19.7903,2,"Medium Moving"
2023-07,S002,P0094,3586,181.0645,19.8051,2,"Medium Moving"
2023-07,S005,P0175,2666,134.5806,19.8097,2,"Medium Moving"
2023-07,S005,P0085,2791,140.8710,19.8125,2,"Medium Moving"
2023-07,S001,P0178,2869,144.6774,19.8303,2,"Medium Moving"
2023-07,S001,P0067,3003,151.2581,19.8535,2,"Medium Moving"
2023-07,S002,P0178,2726,137.2903,19.8557,2,"Medium Moving"
2023-07,S005,P0083,2903,145.8387,19.9056,2,"Medium Moving"
2023-07,S003,P0067,2735,137.3548,19.9119,2,"Medium Moving"
2023-07,S002,P0153,2880,144.5161,19.9286,2,"Medium Moving"
2023-07,S004,P0066,2911,146.0000,19.9384,2,"Medium Moving"
2023-07,S001,P0149,2774,139.0968,19.9429,2,"Medium Moving"
2023-07,S003,P0096,3229,161.3871,20.0078,2,"Medium Moving"
2023-07,S004,P0068,2868,143.2581,20.0198,2,"Medium Moving"
2023-07,S003,P0016,2837,141.3871,20.0655,2,"Medium Moving"
2023-07,S001,P0129,2885,143.6774,20.0797,2,"Medium Moving"
2023-07,S003,P0129,2746,136.6452,20.0958,2,"Medium Moving"
2023-07,S005,P0079,3041,151.2581,20.1047,2,"Medium Moving"
2023-07,S001,P0068,2809,139.7097,20.1060,2,"Medium Moving"
2023-07,S002,P0057,2734,135.9677,20.1077,2,"Medium Moving"
2023-07,S001,P0175,2708,134.5484,20.1266,2,"Medium Moving"
2023-07,S005,P0129,3075,152.4839,20.1661,2,"Medium Moving"
2023-07,S002,P0083,2859,141.6452,20.1842,2,"Medium Moving"
2023-07,S001,P0085,2704,133.8387,20.2034,2,"Medium Moving"
2023-07,S004,P0171,3028,149.8387,20.2084,2,"Medium Moving"
2023-07,S001,P0079,2770,137.0645,20.2095,2,"Medium Moving"
2023-07,S002,P0116,3029,149.8710,20.2107,2,"Medium Moving"
2023-07,S004,P0159,2475,122.4516,20.2121,2,"Medium Moving"
2023-07,S001,P0159,2681,132.6129,20.2167,2,"Medium Moving"
2023-07,S004,P0069,2832,139.8065,20.2566,2,"Medium Moving"
2023-07,S005,P0149,2887,142.2903,20.2895,2,"Medium Moving"
2023-07,S003,P0175,3029,148.7097,20.3685,2,"Medium Moving"
2023-07,S005,P0066,2936,144.0968,20.3752,2,"Medium Moving"
2023-07,S005,P0031,2817,137.6129,20.4705,2,"Medium Moving"
2023-07,S002,P0149,3007,146.4516,20.5324,2,"Medium Moving"
2023-07,S005,P0116,2844,138.4516,20.5415,2,"Medium Moving"
2023-07,S001,P0083,3165,154.0323,20.5476,2,"Medium Moving"
2023-07,S002,P0046,3087,150.1935,20.5535,2,"Medium Moving"
2023-07,S002,P0031,2791,135.7419,20.5611,2,"Medium Moving"
2023-07,S005,P0183,2768,134.6129,20.5627,2,"Medium Moving"
2023-07,S001,P0096,2990,144.8710,20.6391,2,"Medium Moving"
2023-07,S004,P0116,2936,141.9677,20.6808,2,"Medium Moving"
2023-07,S002,P0016,3145,152.0323,20.6864,2,"Medium Moving"
2023-07,S002,P0129,2766,133.6452,20.6966,2,"Medium Moving"
2023-07,S003,P0070,2863,138.1613,20.7222,2,"Medium Moving"
2023-07,S002,P0159,2828,136.3548,20.7400,2,"Medium Moving"
2023-07,S004,P0133,3019,145.3871,20.7653,2,"Medium Moving"
2023-07,S004,P0017,3001,144.1935,20.8123,3,"Fast Moving"
2023-07,S004,P0153,2937,141.0323,20.8250,3,"Fast Moving"
2023-07,S005,P0061,3251,156.0323,20.8354,3,"Fast Moving"
2023-07,S005,P0069,3060,146.8387,20.8392,3,"Fast Moving"
2023-07,S004,P0061,3078,147.4194,20.8792,3,"Fast Moving"
2023-07,S003,P0133,3092,148.0000,20.8919,3,"Fast Moving"
2023-07,S003,P0183,3232,154.4839,20.9213,3,"Fast Moving"
2023-07,S001,P0069,2906,138.7742,20.9405,3,"Fast Moving"
2023-07,S004,P0067,3289,156.9032,20.9620,3,"Fast Moving"
2023-07,S005,P0126,2992,142.4839,20.9989,3,"Fast Moving"
2023-07,S002,P0079,2806,133.4839,21.0213,3,"Fast Moving"
2023-07,S005,P0178,3005,142.9355,21.0235,3,"Fast Moving"
2023-07,S005,P0125,2891,136.7097,21.1470,3,"Fast Moving"
2023-07,S004,P0094,3492,164.9355,21.1719,3,"Fast Moving"
2023-07,S001,P0153,2882,136.0323,21.1862,3,"Fast Moving"
2023-07,S005,P0017,2759,129.9355,21.2336,3,"Fast Moving"
2023-07,S001,P0187,2651,124.5484,21.2849,3,"Fast Moving"
2023-07,S004,P0079,3094,145.0645,21.3284,3,"Fast Moving"
2023-07,S002,P0017,3075,144.1613,21.3303,3,"Fast Moving"
2023-07,S001,P0061,2978,139.4839,21.3501,3,"Fast Moving"
2023-07,S004,P0125,3147,147.2581,21.3706,3,"Fast Moving"
2023-07,S004,P0126,3109,145.4194,21.3795,3,"Fast Moving"
2023-07,S003,P0068,3028,141.5484,21.3920,3,"Fast Moving"
2023-07,S001,P0133,3167,148.0323,21.3940,3,"Fast Moving"
2023-07,S001,P0094,4053,189.1935,21.4225,3,"Fast Moving"
2023-07,S004,P0183,2925,136.5161,21.4260,3,"Fast Moving"
2023-07,S002,P0096,3209,149.1935,21.5090,3,"Fast Moving"
2023-07,S001,P0116,2819,131.0000,21.5191,3,"Fast Moving"
2023-07,S005,P0016,2956,137.3548,21.5209,3,"Fast Moving"
2023-07,S003,P0017,3322,154.0323,21.5669,3,"Fast Moving"
2023-07,S004,P0187,3357,155.5161,21.5862,3,"Fast Moving"
2023-07,S004,P0046,3107,143.8387,21.6006,3,"Fast Moving"
2023-07,S003,P0083,2999,138.8065,21.6056,3,"Fast Moving"
2023-07,S003,P0057,3030,139.7742,21.6778,3,"Fast Moving"
2023-07,S005,P0166,3834,176.6774,21.7006,3,"Fast Moving"
2023-07,S003,P0069,3283,149.8065,21.9149,3,"Fast Moving"
2023-07,S004,P0178,3076,139.7742,22.0069,3,"Fast Moving"
2023-07,S001,P0066,3356,152.2903,22.0369,3,"Fast Moving"
2023-07,S002,P0067,3158,142.4839,22.1639,3,"Fast Moving"
2023-07,S002,P0166,3687,165.5161,22.2758,3,"Fast Moving"
2023-07,S005,P0046,2907,130.3871,22.2952,3,"Fast Moving"
2023-07,S005,P0096,2958,132.5161,22.3218,3,"Fast Moving"
2023-07,S003,P0094,3894,172.3548,22.5929,3,"Fast Moving"
2023-07,S003,P0126,3153,138.9032,22.6993,3,"Fast Moving"
2023-07,S005,P0153,2934,129.2258,22.7044,3,"Fast Moving"
2023-07,S004,P0166,4141,182.0000,22.7527,3,"Fast Moving"
2023-07,S004,P0149,3311,144.8387,22.8599,3,"Fast Moving"
2023-07,S003,P0166,3873,169.0968,22.9040,3,"Fast Moving"
2023-07,S005,P0094,3791,164.5161,23.0433,3,"Fast Moving"
2023-07,S001,P0166,4129,177.9677,23.2008,3,"Fast Moving"
2023-08,S005,P0175,2377,135.4516,17.5487,1,"Slow Moving"
2023-08,S004,P0017,2666,145.6452,18.3048,1,"Slow Moving"
2023-08,S002,P0061,2883,156.1290,18.4655,1,"Slow Moving"
2023-08,S004,P0096,2638,141.7742,18.6071,1,"Slow Moving"
2023-08,S003,P0166,2584,138.7419,18.6245,1,"Slow Moving"
2023-08,S001,P0079,2868,153.7742,18.6507,1,"Slow Moving"
2023-08,S001,P0031,2910,156.0000,18.6538,1,"Slow Moving"
2023-08,S001,P0046,2895,154.7097,18.7125,1,"Slow Moving"
2023-08,S005,P0126,2603,138.9032,18.7397,1,"Slow Moving"
2023-08,S001,P0057,2771,146.9355,18.8586,1,"Slow Moving"
2023-08,S005,P0085,2514,133.0645,18.8931,1,"Slow Moving"
2023-08,S003,P0070,2832,148.7097,19.0438,1,"Slow Moving"
2023-08,S004,P0083,2548,133.7742,19.0470,1,"Slow Moving"
2023-08,S003,P0129,2859,149.3226,19.1465,1,"Slow Moving"
2023-08,S002,P0079,2803,146.3871,19.1479,1,"Slow Moving"
2023-08,S002,P0171,2591,135.0000,19.1926,1,"Slow Moving"
2023-08,S005,P0070,2723,141.7419,19.2110,1,"Slow Moving"
2023-08,S003,P0149,2785,144.8065,19.2326,1,"Slow Moving"
2023-08,S003,P0017,2925,151.9677,19.2475,1,"Slow Moving"
2023-08,S005,P0187,3011,156.0968,19.2893,1,"Slow Moving"
2023-08,S005,P0096,3004,155.6774,19.2963,1,"Slow Moving"
2023-08,S005,P0069,2794,144.4194,19.3464,1,"Slow Moving"
2023-08,S002,P0129,2920,150.3548,19.4207,1,"Slow Moving"
2023-08,S001,P0178,2690,138.2581,19.4564,1,"Slow Moving"
2023-08,S002,P0126,2814,144.6129,19.4588,1,"Slow Moving"
2023-08,S001,P0083,2651,135.7419,19.5297,1,"Slow Moving"
2023-08,S004,P0016,2693,137.7419,19.5511,1,"Slow Moving"
2023-08,S005,P0129,2913,148.9677,19.5546,1,"Slow Moving"
2023-08,S003,P0183,2632,134.5161,19.5664,1,"Slow Moving"
2023-08,S002,P0031,2828,144.4839,19.5731,1,"Slow Moving"
2023-08,S001,P0175,2788,142.0968,19.6204,1,"Slow Moving"
2023-08,S002,P0085,2607,132.8065,19.6301,1,"Slow Moving"
2023-08,S003,P0085,2639,134.3871,19.6373,1,"Slow Moving"
2023-08,S002,P0166,2829,144.0323,19.6414,1,"Slow Moving"
2023-08,S004,P0159,2688,136.7742,19.6528,1,"Slow Moving"
2023-08,S001,P0066,2959,150.4839,19.6632,1,"Slow Moving"
2023-08,S001,P0067,2842,144.4839,19.6700,1,"Slow Moving"
2023-08,S005,P0016,2586,131.4516,19.6726,1,"Slow Moving"
2023-08,S003,P0031,3051,154.8710,19.7003,1,"Slow Moving"
2023-08,S003,P0116,3041,154.3548,19.7014,1,"Slow Moving"
2023-08,S004,P0175,2941,148.9677,19.7425,1,"Slow Moving"
2023-08,S005,P0079,2857,144.6452,19.7518,1,"Slow Moving"
2023-08,S004,P0066,2646,133.9355,19.7558,1,"Slow Moving"
2023-08,S003,P0096,2892,146.3548,19.7602,1,"Slow Moving"
2023-08,S002,P0069,2821,142.6774,19.7719,1,"Slow Moving"
2023-08,S002,P0068,2892,146.1935,19.7820,1,"Slow Moving"
2023-08,S005,P0149,2736,138.2903,19.7845,1,"Slow Moving"
2023-08,S005,P0183,2854,144.0968,19.8061,1,"Slow Moving"
2023-08,S004,P0166,2691,135.8065,19.8150,1,"Slow Moving"
2023-08,S003,P0069,3212,162.0968,19.8153,1,"Slow Moving"
2023-08,S003,P0083,2842,142.9677,19.8786,2,"Medium Moving"
2023-08,S001,P0017,2677,134.6452,19.8819,2,"Medium Moving"
2023-08,S003,P0159,2821,141.8387,19.8888,2,"Medium Moving"
2023-08,S003,P0067,2864,143.9032,19.9023,2,"Medium Moving"
2023-08,S001,P0183,3138,157.5161,19.9218,2,"Medium Moving"
2023-08,S004,P0183,2717,136.3226,19.9307,2,"Medium Moving"
2023-08,S004,P0061,2531,126.8710,19.9494,2,"Medium Moving"
2023-08,S001,P0187,3074,153.8387,19.9820,2,"Medium Moving"
2023-08,S001,P0070,2884,144.1935,20.0009,2,"Medium Moving"
2023-08,S005,P0178,3027,151.3226,20.0036,2,"Medium Moving"
2023-08,S005,P0068,3038,151.8065,20.0123,2,"Medium Moving"
2023-08,S001,P0016,2858,142.8065,20.0131,2,"Medium Moving"
2023-08,S004,P0133,3079,153.8065,20.0187,2,"Medium Moving"
2023-08,S003,P0057,3081,153.7097,20.0443,2,"Medium Moving"
2023-08,S001,P0085,2874,143.2581,20.0617,2,"Medium Moving"
2023-08,S003,P0079,2699,134.2903,20.0982,2,"Medium Moving"
2023-08,S001,P0094,2657,132.1613,20.1042,2,"Medium Moving"
2023-08,S003,P0178,2908,144.6129,20.1089,2,"Medium Moving"
2023-08,S001,P0166,2973,147.7742,20.1185,2,"Medium Moving"
2023-08,S003,P0016,2664,132.3226,20.1326,2,"Medium Moving"
2023-08,S001,P0159,2621,130.0645,20.1515,2,"Medium Moving"
2023-08,S005,P0116,2859,141.7742,20.1659,2,"Medium Moving"
2023-08,S005,P0057,2677,132.6774,20.1768,2,"Medium Moving"
2023-08,S001,P0061,2864,141.8387,20.1919,2,"Medium Moving"
2023-08,S002,P0133,2727,135.0323,20.1952,2,"Medium Moving"
2023-08,S004,P0069,2626,129.8710,20.2201,2,"Medium Moving"
2023-08,S001,P0116,2816,139.2258,20.2261,2,"Medium Moving"
2023-08,S003,P0187,2746,135.6129,20.2488,2,"Medium Moving"
2023-08,S003,P0066,3070,151.5161,20.2619,2,"Medium Moving"
2023-08,S004,P0187,2696,132.8387,20.2953,2,"Medium Moving"
2023-08,S005,P0133,3201,157.6129,20.3093,2,"Medium Moving"
2023-08,S001,P0068,2715,133.6774,20.3101,2,"Medium Moving"
2023-08,S003,P0125,2852,140.4194,20.3106,2,"Medium Moving"
2023-08,S002,P0070,2877,141.5161,20.3298,2,"Medium Moving"
2023-08,S001,P0149,2860,140.6774,20.3302,2,"Medium Moving"
2023-08,S002,P0083,3125,153.4839,20.3604,2,"Medium Moving"
2023-08,S005,P0017,2748,134.9032,20.3702,2,"Medium Moving"
2023-08,S002,P0016,3095,151.9355,20.3705,2,"Medium Moving"
2023-08,S002,P0175,2877,141.0968,20.3903,2,"Medium Moving"
2023-08,S002,P0187,2841,139.2581,20.4010,2,"Medium Moving"
2023-08,S003,P0046,2715,133.0323,20.4086,2,"Medium Moving"
2023-08,S004,P0126,2776,136.0000,20.4118,2,"Medium Moving"
2023-08,S004,P0070,2922,143.1290,20.4151,2,"Medium Moving"
2023-08,S002,P0153,2880,140.9355,20.4349,2,"Medium Moving"
2023-08,S002,P0183,2834,138.6774,20.4359,2,"Medium Moving"
2023-08,S005,P0159,2569,125.6774,20.4412,2,"Medium Moving"
2023-08,S005,P0046,2888,141.1935,20.4542,2,"Medium Moving"
2023-08,S004,P0085,2956,144.5161,20.4545,2,"Medium Moving"
2023-08,S004,P0068,2771,135.4194,20.4624,2,"Medium Moving"
2023-08,S004,P0171,3273,159.8065,20.4810,2,"Medium Moving"
2023-08,S005,P0153,2980,145.4839,20.4834,3,"Fast Moving"
2023-08,S004,P0031,2991,145.9355,20.4954,3,"Fast Moving"
2023-08,S002,P0116,3192,155.3226,20.5508,3,"Fast Moving"
2023-08,S001,P0069,2872,139.6129,20.5712,3,"Fast Moving"
2023-08,S003,P0094,2971,144.3226,20.5858,3,"Fast Moving"
2023-08,S002,P0178,2765,134.1935,20.6046,3,"Fast Moving"
2023-08,S002,P0066,3078,149.0323,20.6532,3,"Fast Moving"
2023-08,S002,P0096,3086,149.2258,20.6801,3,"Fast Moving"
2023-08,S005,P0094,2950,142.6452,20.6807,3,"Fast Moving"
2023-08,S001,P0153,3150,152.0323,20.7193,3,"Fast Moving"
2023-08,S002,P0149,2940,141.7097,20.7466,3,"Fast Moving"
2023-08,S004,P0116,2966,142.6129,20.7976,3,"Fast Moving"
2023-08,S003,P0171,2932,140.9677,20.7991,3,"Fast Moving"
2023-08,S003,P0153,2975,142.9032,20.8183,3,"Fast Moving"
2023-08,S005,P0066,3059,146.9032,20.8232,3,"Fast Moving"
2023-08,S002,P0017,3091,148.0000,20.8851,3,"Fast Moving"
2023-08,S002,P0057,2953,141.2903,20.9002,3,"Fast Moving"
2023-08,S002,P0067,2981,142.1613,20.9691,3,"Fast Moving"
2023-08,S004,P0129,2781,132.3548,21.0117,3,"Fast Moving"
2023-08,S001,P0171,2611,123.9355,21.0674,3,"Fast Moving"
2023-08,S004,P0046,3084,146.3548,21.0721,3,"Fast Moving"
2023-08,S004,P0079,2876,136.2903,21.1020,3,"Fast Moving"
2023-08,S004,P0149,2722,128.8387,21.1272,3,"Fast Moving"
2023-08,S005,P0171,2850,134.8710,21.1313,3,"Fast Moving"
2023-08,S005,P0061,3072,145.2903,21.1439,3,"Fast Moving"
2023-08,S001,P0129,2786,131.7419,21.1474,3,"Fast Moving"
2023-08,S004,P0125,3073,144.4194,21.2783,3,"Fast Moving"
2023-08,S004,P0153,2889,135.7419,21.2830,3,"Fast Moving"
2023-08,S003,P0126,2937,137.8710,21.3025,3,"Fast Moving"
2023-08,S002,P0046,3143,147.4839,21.3108,3,"Fast Moving"
2023-08,S005,P0083,3060,143.3226,21.3504,3,"Fast Moving"
2023-08,S005,P0125,2968,138.8065,21.3823,3,"Fast Moving"
2023-08,S003,P0175,2976,139.0968,21.3952,3,"Fast Moving"
2023-08,S005,P0166,3221,150.0968,21.4595,3,"Fast Moving"
2023-08,S004,P0067,2846,132.6129,21.4610,3,"Fast Moving"
2023-08,S003,P0061,2820,131.2581,21.4844,3,"Fast Moving"
2023-08,S002,P0094,2907,134.7742,21.5694,3,"Fast Moving"
2023-08,S004,P0094,3292,152.5806,21.5755,3,"Fast Moving"
2023-08,S002,P0159,2553,118.2903,21.5825,3,"Fast Moving"
2023-08,S005,P0067,3021,139.5806,21.6434,3,"Fast Moving"
2023-08,S004,P0178,3114,143.8710,21.6444,3,"Fast Moving"
2023-08,S001,P0133,3254,149.9032,21.7073,3,"Fast Moving"
2023-08,S005,P0031,3059,140.9032,21.7099,3,"Fast Moving"
2023-08,S001,P0096,3185,146.1613,21.7910,3,"Fast Moving"
2023-08,S002,P0125,3092,141.3871,21.8690,3,"Fast Moving"
2023-08,S004,P0057,2977,136.0000,21.8897,3,"Fast Moving"
2023-08,S001,P0125,3148,143.3871,21.9546,3,"Fast Moving"
2023-08,S001,P0126,2746,125.0000,21.9680,3,"Fast Moving"
2023-08,S003,P0068,2848,129.1935,22.0444,3,"Fast Moving"
2023-08,S003,P0133,2960,134.0968,22.0736,3,"Fast Moving"
2023-09,S003,P0171,2486,141.7333,17.5400,1,"Slow Moving"
2023-09,S003,P0083,2419,135.7333,17.8217,1,"Slow Moving"
2023-09,S001,P0070,2516,141.1667,17.8229,1,"Slow Moving"
2023-09,S005,P0069,2588,145.1000,17.8360,1,"Slow Moving"
2023-09,S001,P0085,2370,131.3667,18.0411,1,"Slow Moving"
2023-09,S005,P0133,2714,150.1667,18.0733,1,"Slow Moving"
2023-09,S001,P0057,2495,137.4667,18.1499,1,"Slow Moving"
2023-09,S004,P0171,2553,140.2000,18.2097,1,"Slow Moving"
2023-09,S005,P0149,2566,140.3333,18.2850,1,"Slow Moving"
2023-09,S003,P0069,2664,145.3000,18.3345,1,"Slow Moving"
2023-09,S003,P0178,2411,131.5000,18.3346,1,"Slow Moving"
2023-09,S004,P0133,2817,153.4000,18.3638,1,"Slow Moving"
2023-09,S001,P0016,2399,130.4000,18.3972,1,"Slow Moving"
2023-09,S001,P0149,2656,144.3333,18.4018,1,"Slow Moving"
2023-09,S003,P0159,2696,146.5000,18.4027,1,"Slow Moving"
2023-09,S004,P0070,2440,132.2667,18.4476,1,"Slow Moving"
2023-09,S004,P0068,2337,126.5667,18.4646,1,"Slow Moving"
2023-09,S003,P0070,2619,140.7000,18.6141,1,"Slow Moving"
2023-09,S003,P0068,2717,145.7000,18.6479,1,"Slow Moving"
2023-09,S001,P0183,2867,153.6000,18.6654,1,"Slow Moving"
2023-09,S005,P0159,2624,140.3000,18.7028,1,"Slow Moving"
2023-09,S001,P0061,2735,146.1667,18.7115,1,"Slow Moving"
2023-09,S005,P0083,2651,141.5333,18.7306,1,"Slow Moving"
2023-09,S001,P0069,2564,136.8000,18.7427,1,"Slow Moving"
2023-09,S005,P0126,2822,150.3000,18.7758,1,"Slow Moving"
2023-09,S004,P0183,2610,138.9333,18.7860,1,"Slow Moving"
2023-09,S002,P0066,2697,143.2667,18.8250,1,"Slow Moving"
2023-09,S004,P0031,2587,137.3667,18.8328,1,"Slow Moving"
2023-09,S002,P0116,2621,139.1667,18.8335,1,"Slow Moving"
2023-09,S004,P0153,2677,141.9667,18.8565,1,"Slow Moving"
2023-09,S001,P0187,2914,154.3667,18.8771,1,"Slow Moving"
2023-09,S003,P0133,2784,147.4667,18.8788,1,"Slow Moving"
2023-09,S001,P0126,2932,154.5333,18.9733,1,"Slow Moving"
2023-09,S004,P0046,2683,141.4000,18.9745,1,"Slow Moving"
2023-09,S005,P0129,2779,146.3667,18.9866,1,"Slow Moving"
2023-09,S004,P0085,2711,142.6667,19.0023,1,"Slow Moving"
2023-09,S005,P0171,2610,137.3000,19.0095,1,"Slow Moving"
2023-09,S003,P0116,2842,149.4667,19.0143,1,"Slow Moving"
2023-09,S003,P0061,2695,141.2333,19.0819,1,"Slow Moving"
2023-09,S002,P0067,2794,146.2667,19.1021,1,"Slow Moving"
2023-09,S005,P0070,2889,151.2333,19.1029,1,"Slow Moving"
2023-09,S005,P0183,2506,131.1333,19.1103,1,"Slow Moving"
2023-09,S005,P0017,2749,143.5667,19.1479,1,"Slow Moving"
2023-09,S001,P0159,2645,138.0667,19.1574,1,"Slow Moving"
2023-09,S002,P0079,2833,147.8667,19.1592,1,"Slow Moving"
2023-09,S002,P0183,2716,141.5667,19.1853,1,"Slow Moving"
2023-09,S003,P0017,2777,144.7333,19.1870,1,"Slow Moving"
2023-09,S002,P0171,2709,141.1667,19.1901,1,"Slow Moving"
2023-09,S004,P0017,2758,143.6000,19.2061,1,"Slow Moving"
2023-09,S001,P0171,2854,148.4000,19.2318,1,"Slow Moving"
2023-09,S005,P0061,2866,148.9667,19.2392,2,"Medium Moving"
2023-09,S002,P0166,3024,157.0000,19.2611,2,"Medium Moving"
2023-09,S002,P0178,2634,136.7000,19.2685,2,"Medium Moving"
2023-09,S002,P0069,2553,132.4667,19.2728,2,"Medium Moving"
2023-09,S002,P0068,2727,141.2000,19.3130,2,"Medium Moving"
2023-09,S005,P0178,2782,143.9667,19.3239,2,"Medium Moving"
2023-09,S005,P0116,2692,139.1667,19.3437,2,"Medium Moving"
2023-09,S004,P0094,2710,140.0000,19.3571,2,"Medium Moving"
2023-09,S004,P0178,2826,145.9667,19.3606,2,"Medium Moving"
2023-09,S004,P0166,2887,148.9667,19.3802,2,"Medium Moving"
2023-09,S003,P0149,2753,142.0333,19.3828,2,"Medium Moving"
2023-09,S004,P0149,2789,143.8333,19.3905,2,"Medium Moving"
2023-09,S003,P0031,2481,127.7333,19.4233,2,"Medium Moving"
2023-09,S002,P0159,2806,144.4333,19.4276,2,"Medium Moving"
2023-09,S001,P0129,2869,147.6667,19.4289,2,"Medium Moving"
2023-09,S005,P0187,2677,137.5000,19.4691,2,"Medium Moving"
2023-09,S001,P0153,3169,162.5333,19.4975,2,"Medium Moving"
2023-09,S002,P0016,2856,146.2667,19.5260,2,"Medium Moving"
2023-09,S004,P0066,2794,143.0000,19.5385,2,"Medium Moving"
2023-09,S002,P0153,2833,144.9667,19.5424,2,"Medium Moving"
2023-09,S005,P0125,2762,141.2333,19.5563,2,"Medium Moving"
2023-09,S003,P0016,2697,137.8667,19.5624,2,"Medium Moving"
2023-09,S002,P0175,2528,129.0000,19.5969,2,"Medium Moving"
2023-09,S004,P0116,2959,150.9333,19.6047,2,"Medium Moving"
2023-09,S001,P0094,2679,136.3333,19.6504,2,"Medium Moving"
2023-09,S004,P0083,2914,148.1333,19.6715,2,"Medium Moving"
2023-09,S004,P0096,2697,137.0667,19.6766,2,"Medium Moving"
2023-09,S001,P0083,2860,145.3000,19.6834,2,"Medium Moving"
2023-09,S002,P0083,2848,144.5667,19.7003,2,"Medium Moving"
2023-09,S004,P0069,2990,151.6667,19.7143,2,"Medium Moving"
2023-09,S001,P0166,2734,138.4333,19.7496,2,"Medium Moving"
2023-09,S004,P0187,2804,141.9667,19.7511,2,"Medium Moving"
2023-09,S004,P0159,2689,135.9000,19.7866,2,"Medium Moving"
2023-09,S004,P0126,2944,148.7667,19.7894,2,"Medium Moving"
2023-09,S003,P0094,2721,137.4667,19.7939,2,"Medium Moving"
2023-09,S001,P0066,2841,143.4333,19.8071,2,"Medium Moving"
2023-09,S001,P0175,2931,147.9000,19.8174,2,"Medium Moving"
2023-09,S002,P0096,3110,156.9000,19.8215,2,"Medium Moving"
2023-09,S002,P0126,2688,135.5333,19.8328,2,"Medium Moving"
2023-09,S002,P0017,2849,143.6000,19.8398,2,"Medium Moving"
2023-09,S003,P0067,2844,143.3333,19.8419,2,"Medium Moving"
2023-09,S001,P0079,2708,136.1333,19.8923,2,"Medium Moving"
2023-09,S003,P0126,2920,146.7333,19.9000,2,"Medium Moving"
2023-09,S001,P0178,2844,142.7000,19.9299,2,"Medium Moving"
2023-09,S003,P0079,2583,129.5667,19.9357,2,"Medium Moving"
2023-09,S002,P0085,3008,150.8333,19.9425,2,"Medium Moving"
2023-09,S003,P0046,3108,155.8000,19.9487,2,"Medium Moving"
2023-09,S001,P0068,2451,122.8333,19.9539,2,"Medium Moving"
2023-09,S004,P0061,2768,138.5667,19.9759,2,"Medium Moving"
2023-09,S004,P0067,2731,136.6667,19.9829,2,"Medium Moving"
2023-09,S002,P0129,2476,123.8333,19.9946,3,"Fast Moving"
2023-09,S002,P0187,2907,145.1000,20.0345,3,"Fast Moving"
2023-09,S004,P0125,3004,149.7000,20.0668,3,"Fast Moving"
2023-09,S004,P0175,2610,129.8667,20.0975,3,"Fast Moving"
2023-09,S003,P0096,2818,139.9000,20.1430,3,"Fast Moving"
2023-09,S005,P0067,2716,134.8000,20.1484,3,"Fast Moving"
2023-09,S005,P0175,2838,140.8333,20.1515,3,"Fast Moving"
2023-09,S001,P0116,3007,149.2000,20.1542,3,"Fast Moving"
2023-09,S003,P0066,2856,141.3000,20.2123,3,"Fast Moving"
2023-09,S004,P0079,3342,165.3333,20.2137,3,"Fast Moving"
2023-09,S004,P0016,2754,135.8000,20.2798,3,"Fast Moving"
2023-09,S005,P0079,3283,161.5000,20.3282,3,"Fast Moving"
2023-09,S002,P0046,2982,146.6000,20.3411,3,"Fast Moving"
2023-09,S003,P0187,2704,132.8667,20.3512,3,"Fast Moving"
2023-09,S002,P0094,3138,154.1333,20.3590,3,"Fast Moving"
2023-09,S002,P0125,2738,134.4000,20.3720,3,"Fast Moving"
2023-09,S002,P0133,2755,135.2000,20.3772,3,"Fast Moving"
2023-09,S001,P0017,2852,139.6333,20.4249,3,"Fast Moving"
2023-09,S001,P0096,2712,132.7667,20.4268,3,"Fast Moving"
2023-09,S003,P0183,2583,126.2000,20.4675,3,"Fast Moving"
2023-09,S005,P0153,3040,148.1333,20.5221,3,"Fast Moving"
2023-09,S005,P0046,3064,149.3000,20.5224,3,"Fast Moving"
2023-09,S005,P0085,2896,140.9667,20.5439,3,"Fast Moving"
2023-09,S005,P0066,2985,145.2000,20.5579,3,"Fast Moving"
2023-09,S005,P0096,3096,150.1333,20.6217,3,"Fast Moving"
2023-09,S003,P0085,3147,152.5000,20.6361,3,"Fast Moving"
2023-09,S002,P0061,2641,127.7667,20.6705,3,"Fast Moving"
2023-09,S003,P0125,3092,149.4000,20.6961,3,"Fast Moving"
2023-09,S003,P0166,2789,134.5333,20.7309,3,"Fast Moving"
2023-09,S002,P0057,2994,143.9667,20.7965,3,"Fast Moving"
2023-09,S003,P0175,2485,119.3667,20.8182,3,"Fast Moving"
2023-09,S003,P0153,3132,150.1667,20.8568,3,"Fast Moving"
2023-09,S001,P0125,2994,143.2000,20.9078,3,"Fast Moving"
2023-09,S002,P0070,2831,135.3333,20.9187,3,"Fast Moving"
2023-09,S001,P0046,3176,151.1333,21.0146,3,"Fast Moving"
2023-09,S001,P0133,2849,135.3000,21.0569,3,"Fast Moving"
2023-09,S002,P0149,3017,143.2333,21.0635,3,"Fast Moving"
2023-09,S002,P0031,3051,144.4000,21.1288,3,"Fast Moving"
2023-09,S001,P0031,2814,133.1667,21.1314,3,"Fast Moving"
2023-09,S001,P0067,2949,139.3333,21.1651,3,"Fast Moving"
2023-09,S004,P0129,3027,142.6667,21.2173,3,"Fast Moving"
2023-09,S004,P0057,3092,145.3333,21.2752,3,"Fast Moving"
2023-09,S005,P0057,3087,144.1667,21.4127,3,"Fast Moving"
2023-09,S005,P0068,2505,115.6000,21.6696,3,"Fast Moving"
2023-09,S003,P0057,2807,129.5000,21.6757,3,"Fast Moving"
2023-09,S003,P0129,3153,144.6667,21.7949,3,"Fast Moving"
2023-09,S005,P0016,3054,140.1000,21.7987,3,"Fast Moving"
2023-09,S005,P0094,3128,143.2333,21.8385,3,"Fast Moving"
2023-09,S005,P0031,2598,118.6333,21.8994,3,"Fast Moving"
2023-09,S005,P0166,2950,134.6667,21.9059,3,"Fast Moving"
2023-10,S004,P0178,2453,138.5806,17.7009,1,"Slow Moving"
2023-10,S003,P0116,2674,146.5806,18.2425,1,"Slow Moving"
2023-10,S001,P0126,2853,153.1613,18.6274,1,"Slow Moving"
2023-10,S004,P0068,2800,149.8065,18.6908,1,"Slow Moving"
2023-10,S003,P0017,2799,149.6452,18.7042,1,"Slow Moving"
2023-10,S003,P0125,2795,149.1290,18.7422,1,"Slow Moving"
2023-10,S001,P0031,2647,140.7742,18.8032,1,"Slow Moving"
2023-10,S004,P0153,2694,142.8387,18.8604,1,"Slow Moving"
2023-10,S002,P0171,2700,142.4516,18.9538,1,"Slow Moving"
2023-10,S005,P0129,2933,154.7097,18.9581,1,"Slow Moving"
2023-10,S001,P0070,2877,151.3548,19.0083,1,"Slow Moving"
2023-10,S001,P0166,2875,151.0645,19.0316,1,"Slow Moving"
2023-10,S002,P0066,2844,149.0000,19.0872,1,"Slow Moving"
2023-10,S001,P0183,2528,132.4194,19.0909,1,"Slow Moving"
2023-10,S002,P0183,2667,139.4839,19.1205,1,"Slow Moving"
2023-10,S004,P0125,2806,146.5161,19.1515,1,"Slow Moving"
2023-10,S004,P0183,2761,144.1290,19.1564,1,"Slow Moving"
2023-10,S004,P0079,2604,135.8387,19.1698,1,"Slow Moving"
2023-10,S002,P0175,2890,150.2581,19.2336,1,"Slow Moving"
2023-10,S001,P0016,2533,131.5484,19.2553,1,"Slow Moving"
2023-10,S005,P0067,2891,149.4194,19.3482,1,"Slow Moving"
2023-10,S001,P0069,2897,149.5806,19.3675,1,"Slow Moving"
2023-10,S001,P0094,2948,152.1613,19.3742,1,"Slow Moving"
2023-10,S004,P0187,2737,141.1290,19.3936,1,"Slow Moving"
2023-10,S003,P0149,2763,141.6774,19.5020,1,"Slow Moving"
2023-10,S005,P0175,2738,140.3871,19.5032,1,"Slow Moving"
2023-10,S004,P0085,2965,151.9677,19.5107,1,"Slow Moving"
2023-10,S003,P0069,2681,137.1613,19.5463,1,"Slow Moving"
2023-10,S003,P0133,2699,137.7419,19.5946,1,"Slow Moving"
2023-10,S003,P0031,2400,122.4516,19.5996,1,"Slow Moving"
2023-10,S002,P0166,2943,150.1290,19.6031,1,"Slow Moving"
2023-10,S002,P0116,2576,131.1935,19.6351,1,"Slow Moving"
2023-10,S005,P0079,2810,142.9355,19.6592,1,"Slow Moving"
2023-10,S004,P0061,3086,156.9677,19.6601,1,"Slow Moving"
2023-10,S002,P0153,2701,137.3548,19.6644,1,"Slow Moving"
2023-10,S001,P0017,2871,145.9677,19.6687,1,"Slow Moving"
2023-10,S003,P0016,2694,136.5161,19.7339,1,"Slow Moving"
2023-10,S003,P0129,2565,129.6452,19.7848,1,"Slow Moving"
2023-10,S005,P0094,2828,142.6452,19.8254,1,"Slow Moving"
2023-10,S003,P0159,2864,144.3548,19.8400,1,"Slow Moving"
2023-10,S001,P0057,3113,156.7742,19.8566,1,"Slow Moving"
2023-10,S004,P0070,2900,146.0323,19.8586,1,"Slow Moving"
2023-10,S003,P0094,2844,143.1290,19.8702,1,"Slow Moving"
2023-10,S005,P0085,2312,116.3548,19.8703,1,"Slow Moving"
2023-10,S005,P0066,2959,148.8710,19.8763,1,"Slow Moving"
2023-10,S002,P0057,2574,129.4839,19.8789,1,"Slow Moving"
2023-10,S001,P0085,2604,130.9355,19.8877,1,"Slow Moving"
2023-10,S005,P0017,2924,146.7742,19.9218,1,"Slow Moving"
2023-10,S004,P0031,2795,140.2581,19.9276,1,"Slow Moving"
2023-10,S002,P0126,2720,136.0645,19.9905,1,"Slow Moving"
2023-10,S003,P0175,3158,157.9032,19.9996,2,"Medium Moving"
2023-10,S005,P0178,2823,141.0645,20.0121,2,"Medium Moving"
2023-10,S003,P0057,3094,154.4516,20.0322,2,"Medium Moving"
2023-10,S005,P0171,2925,146.0000,20.0342,2,"Medium Moving"
2023-10,S005,P0057,3023,150.7742,20.0499,2,"Medium Moving"
2023-10,S001,P0171,2854,142.3226,20.0530,2,"Medium Moving"
2023-10,S003,P0046,3000,149.5484,20.0604,2,"Medium Moving"
2023-10,S002,P0178,2942,146.6452,20.0620,2,"Medium Moving"
2023-10,S001,P0187,3387,168.5484,20.0951,2,"Medium Moving"
2023-10,S002,P0017,2854,142.0000,20.0986,2,"Medium Moving"
2023-10,S004,P0129,2693,133.8387,20.1212,2,"Medium Moving"
2023-10,S005,P0069,2663,132.2581,20.1349,2,"Medium Moving"
2023-10,S002,P0068,2784,138.2258,20.1410,2,"Medium Moving"
2023-10,S001,P0129,3036,150.4194,20.1836,2,"Medium Moving"
2023-10,S003,P0085,2706,134.0645,20.1843,2,"Medium Moving"
2023-10,S004,P0046,2852,141.2903,20.1854,2,"Medium Moving"
2023-10,S001,P0116,3076,152.1613,20.2154,2,"Medium Moving"
2023-10,S002,P0085,2805,138.5806,20.2409,2,"Medium Moving"
2023-10,S002,P0070,2803,138.4516,20.2453,2,"Medium Moving"
2023-10,S001,P0159,2756,136.1290,20.2455,2,"Medium Moving"
2023-10,S003,P0171,2670,131.6129,20.2868,2,"Medium Moving"
2023-10,S004,P0067,2663,131.0645,20.3182,2,"Medium Moving"
2023-10,S002,P0149,2797,137.5806,20.3299,2,"Medium Moving"
2023-10,S004,P0159,2928,144.0000,20.3333,2,"Medium Moving"
2023-10,S002,P0069,3137,154.2258,20.3403,2,"Medium Moving"
2023-10,S002,P0079,2813,138.1613,20.3603,2,"Medium Moving"
2023-10,S005,P0149,3089,151.6774,20.3656,2,"Medium Moving"
2023-10,S005,P0116,2829,138.8710,20.3714,2,"Medium Moving"
2023-10,S005,P0083,2993,146.6774,20.4053,2,"Medium Moving"
2023-10,S002,P0046,2584,126.4839,20.4295,2,"Medium Moving"
2023-10,S005,P0016,2993,146.3226,20.4548,2,"Medium Moving"
2023-10,S002,P0096,2905,141.8710,20.4764,2,"Medium Moving"
2023-10,S004,P0096,2603,127.0968,20.4805,2,"Medium Moving"
2023-10,S003,P0061,2888,140.8710,20.5010,2,"Medium Moving"
2023-10,S003,P0126,3179,155.0323,20.5054,2,"Medium Moving"
2023-10,S005,P0183,2425,118.2581,20.5060,2,"Medium Moving"
2023-10,S001,P0068,2576,125.6129,20.5074,2,"Medium Moving"
2023-10,S004,P0017,3206,156.1613,20.5301,2,"Medium Moving"
2023-10,S002,P0016,3103,151.0645,20.5409,2,"Medium Moving"
2023-10,S005,P0125,2548,123.7742,20.5859,2,"Medium Moving"
2023-10,S002,P0061,2874,139.5484,20.5950,2,"Medium Moving"
2023-10,S001,P0178,2950,143.1290,20.6108,2,"Medium Moving"
2023-10,S005,P0187,3080,149.3548,20.6220,2,"Medium Moving"
2023-10,S003,P0096,2828,136.9032,20.6569,2,"Medium Moving"
2023-10,S004,P0175,3019,146.0645,20.6689,2,"Medium Moving"
2023-10,S003,P0068,3065,148.2581,20.6734,2,"Medium Moving"
2023-10,S004,P0083,3142,151.5806,20.7282,2,"Medium Moving"
2023-10,S004,P0116,3112,149.9355,20.7556,2,"Medium Moving"
2023-10,S005,P0046,2765,133.1613,20.7643,2,"Medium Moving"
2023-10,S004,P0016,3155,151.9032,20.7698,2,"Medium Moving"
2023-10,S004,P0149,2895,139.3548,20.7743,3,"Fast Moving"
2023-10,S002,P0159,2955,142.2258,20.7768,3,"Fast Moving"
2023-10,S001,P0125,2796,134.5484,20.7806,3,"Fast Moving"
2023-10,S005,P0166,2524,121.4194,20.7875,3,"Fast Moving"
2023-10,S003,P0070,3145,150.9677,20.8323,3,"Fast Moving"
2023-10,S005,P0068,2596,124.6129,20.8325,3,"Fast Moving"
2023-10,S001,P0067,2765,132.3548,20.8908,3,"Fast Moving"
2023-10,S004,P0066,3276,156.8065,20.8920,3,"Fast Moving"
2023-10,S001,P0149,3049,145.9032,20.8974,3,"Fast Moving"
2023-10,S001,P0046,2898,138.6774,20.8974,3,"Fast Moving"
2023-10,S003,P0079,2769,132.3226,20.9261,3,"Fast Moving"
2023-10,S005,P0126,2838,135.5161,20.9422,3,"Fast Moving"
2023-10,S004,P0133,2935,139.9677,20.9691,3,"Fast Moving"
2023-10,S004,P0057,2851,135.8710,20.9831,3,"Fast Moving"
2023-10,S003,P0067,2975,141.6129,21.0080,3,"Fast Moving"
2023-10,S002,P0031,3129,148.4839,21.0730,3,"Fast Moving"
2023-10,S005,P0031,2897,137.3871,21.0864,3,"Fast Moving"
2023-10,S001,P0079,2930,138.7097,21.1233,3,"Fast Moving"
2023-10,S004,P0126,2569,121.1935,21.1975,3,"Fast Moving"
2023-10,S003,P0187,2937,138.1935,21.2528,3,"Fast Moving"
2023-10,S002,P0129,3088,145.2581,21.2587,3,"Fast Moving"
2023-10,S001,P0133,2851,134.0645,21.2659,3,"Fast Moving"
2023-10,S004,P0166,3182,149.2903,21.3142,3,"Fast Moving"
2023-10,S002,P0083,3036,141.7097,21.4241,3,"Fast Moving"
2023-10,S002,P0187,3035,141.5806,21.4365,3,"Fast Moving"
2023-10,S003,P0066,2921,136.0968,21.4627,3,"Fast Moving"
2023-10,S004,P0069,3104,144.6129,21.4642,3,"Fast Moving"
2023-10,S003,P0183,2787,129.7742,21.4758,3,"Fast Moving"
2023-10,S005,P0070,2842,132.3226,21.4778,3,"Fast Moving"
2023-10,S001,P0153,3020,140.4839,21.4971,3,"Fast Moving"
2023-10,S004,P0094,2657,123.5161,21.5114,3,"Fast Moving"
2023-10,S002,P0133,2805,130.2581,21.5342,3,"Fast Moving"
2023-10,S002,P0067,2982,138.3871,21.5483,3,"Fast Moving"
2023-10,S004,P0171,2946,136.7097,21.5493,3,"Fast Moving"
2023-10,S002,P0125,2918,135.2903,21.5684,3,"Fast Moving"
2023-10,S003,P0178,3296,152.5806,21.6017,3,"Fast Moving"
2023-10,S001,P0083,2921,135.0968,21.6215,3,"Fast Moving"
2023-10,S003,P0083,2865,132.4516,21.6305,3,"Fast Moving"
2023-10,S005,P0133,3078,142.1613,21.6515,3,"Fast Moving"
2023-10,S001,P0096,3004,138.6452,21.6668,3,"Fast Moving"
2023-10,S005,P0159,3182,146.7419,21.6843,3,"Fast Moving"
2023-10,S005,P0061,3018,139.1613,21.6871,3,"Fast Moving"
2023-10,S001,P0066,3026,138.8710,21.7900,3,"Fast Moving"
2023-10,S001,P0175,2964,135.9032,21.8096,3,"Fast Moving"
2023-10,S003,P0153,2575,117.9355,21.8340,3,"Fast Moving"
2023-10,S001,P0061,3197,146.3871,21.8394,3,"Fast Moving"
2023-10,S002,P0094,2805,128.3226,21.8590,3,"Fast Moving"
2023-10,S005,P0096,2797,126.3548,22.1361,3,"Fast Moving"
2023-10,S005,P0153,3156,141.6452,22.2810,3,"Fast Moving"
2023-10,S003,P0166,3269,145.1290,22.5248,3,"Fast Moving"
2023-11,S002,P0031,2313,134.4667,17.2013,1,"Slow Moving"
2023-11,S004,P0068,2340,133.1667,17.5720,1,"Slow Moving"
2023-11,S001,P0116,2848,161.2333,17.6638,1,"Slow Moving"
2023-11,S003,P0171,2587,144.0333,17.9611,1,"Slow Moving"
2023-11,S002,P0096,2719,151.3333,17.9670,1,"Slow Moving"
2023-11,S001,P0183,2406,133.1000,18.0766,1,"Slow Moving"
2023-11,S001,P0085,2575,142.3333,18.0913,1,"Slow Moving"
2023-11,S005,P0183,2686,147.4667,18.2143,1,"Slow Moving"
2023-11,S004,P0183,2616,143.4000,18.2427,1,"Slow Moving"
2023-11,S003,P0159,2578,141.3000,18.2449,1,"Slow Moving"
2023-11,S004,P0171,2593,141.7667,18.2906,1,"Slow Moving"
2023-11,S002,P0183,2542,138.9000,18.3009,1,"Slow Moving"
2023-11,S005,P0129,2685,145.6333,18.4367,1,"Slow Moving"
2023-11,S004,P0116,2345,127.0000,18.4646,1,"Slow Moving"
2023-11,S003,P0070,2685,145.3667,18.4705,1,"Slow Moving"
2023-11,S002,P0116,2508,134.8000,18.6053,1,"Slow Moving"
2023-11,S001,P0166,2582,138.3333,18.6651,1,"Slow Moving"
2023-11,S004,P0175,2741,146.6000,18.6971,1,"Slow Moving"
2023-11,S002,P0068,2645,141.3333,18.7146,1,"Slow Moving"
2023-11,S005,P0175,2634,140.7333,18.7162,1,"Slow Moving"
2023-11,S005,P0067,2718,145.1667,18.7233,1,"Slow Moving"
2023-11,S003,P0067,2650,141.3000,18.7544,1,"Slow Moving"
2023-11,S001,P0153,2705,144.0000,18.7847,1,"Slow Moving"
2023-11,S004,P0149,2582,137.3667,18.7964,1,"Slow Moving"
2023-11,S002,P0153,2533,134.2333,18.8701,1,"Slow Moving"
2023-11,S001,P0149,2911,153.7667,18.9313,1,"Slow Moving"
2023-11,S003,P0068,2331,122.9000,18.9666,1,"Slow Moving"
2023-11,S005,P0159,2526,133.1667,18.9687,1,"Slow Moving"
2023-11,S004,P0094,2267,119.4333,18.9813,1,"Slow Moving"
2023-11,S004,P0070,2607,137.2333,18.9968,1,"Slow Moving"
2023-11,S002,P0166,2698,140.9667,19.1393,1,"Slow Moving"
2023-11,S003,P0079,2544,132.7000,19.1711,1,"Slow Moving"
2023-11,S002,P0083,2833,147.5333,19.2024,1,"Slow Moving"
2023-11,S005,P0017,2997,155.9000,19.2239,1,"Slow Moving"
2023-11,S002,P0085,2826,146.8000,19.2507,1,"Slow Moving"
2023-11,S003,P0183,2774,143.8667,19.2817,1,"Slow Moving"
2023-11,S001,P0171,2607,135.1333,19.2921,1,"Slow Moving"
2023-11,S003,P0031,2647,137.2000,19.2930,1,"Slow Moving"
2023-11,S001,P0079,2831,146.4333,19.3330,1,"Slow Moving"
2023-11,S001,P0031,2676,138.3667,19.3399,1,"Slow Moving"
2023-11,S004,P0067,2466,127.3667,19.3614,1,"Slow Moving"
2023-11,S005,P0096,2713,140.0667,19.3693,1,"Slow Moving"
2023-11,S005,P0068,2558,131.7667,19.4131,1,"Slow Moving"
2023-11,S003,P0116,3006,154.6333,19.4395,1,"Slow Moving"
2023-11,S003,P0175,2706,139.1333,19.4490,1,"Slow Moving"
2023-11,S005,P0083,2922,150.1667,19.4584,1,"Slow Moving"
2023-11,S001,P0129,2704,138.7000,19.4953,1,"Slow Moving"
2023-11,S002,P0129,2718,139.4000,19.4978,1,"Slow Moving"
2023-11,S001,P0067,2824,144.8000,19.5028,1,"Slow Moving"
2023-11,S001,P0094,2798,143.1000,19.5528,1,"Slow Moving"
2023-11,S005,P0171,2662,135.7000,19.6168,2,"Medium Moving"
2023-11,S002,P0149,2714,138.2333,19.6335,2,"Medium Moving"
2023-11,S005,P0149,2521,128.2333,19.6595,2,"Medium Moving"
2023-11,S004,P0017,2679,135.8333,19.7227,2,"Medium Moving"
2023-11,S002,P0094,2945,149.1667,19.7430,2,"Medium Moving"
2023-11,S004,P0031,2610,132.0333,19.7677,2,"Medium Moving"
2023-11,S004,P0129,2579,130.1667,19.8131,2,"Medium Moving"
2023-11,S002,P0175,2952,148.8000,19.8387,2,"Medium Moving"
2023-11,S003,P0149,2911,146.4667,19.8748,2,"Medium Moving"
2023-11,S005,P0166,3055,153.4667,19.9066,2,"Medium Moving"
2023-11,S002,P0159,3003,150.6333,19.9358,2,"Medium Moving"
2023-11,S003,P0129,2577,129.2333,19.9407,2,"Medium Moving"
2023-11,S001,P0070,2415,121.1000,19.9422,2,"Medium Moving"
2023-11,S001,P0175,2593,129.9000,19.9615,2,"Medium Moving"
2023-11,S005,P0070,2393,119.7667,19.9805,2,"Medium Moving"
2023-11,S005,P0085,2879,143.0000,20.1329,2,"Medium Moving"
2023-11,S003,P0085,2727,135.0000,20.2000,2,"Medium Moving"
2023-11,S002,P0070,2762,136.5000,20.2344,2,"Medium Moving"
2023-11,S004,P0085,2784,137.2667,20.2817,2,"Medium Moving"
2023-11,S005,P0031,2759,136.0000,20.2868,2,"Medium Moving"
2023-11,S004,P0166,2919,143.8333,20.2943,2,"Medium Moving"
2023-11,S002,P0017,2640,129.9667,20.3129,2,"Medium Moving"
2023-11,S001,P0069,3907,192.2667,20.3207,2,"Medium Moving"
2023-11,S003,P0096,2972,146.0333,20.3515,2,"Medium Moving"
2023-11,S005,P0153,2912,142.6667,20.4112,2,"Medium Moving"
2023-11,S005,P0079,2859,139.9667,20.4263,2,"Medium Moving"
2023-11,S003,P0166,2954,144.3667,20.4618,2,"Medium Moving"
2023-11,S003,P0083,2727,133.1333,20.4832,2,"Medium Moving"
2023-11,S001,P0017,2700,131.8000,20.4856,2,"Medium Moving"
2023-11,S005,P0094,2810,137.0333,20.5060,2,"Medium Moving"
2023-11,S004,P0096,2678,130.2667,20.5578,2,"Medium Moving"
2023-11,S002,P0067,2876,139.8667,20.5624,2,"Medium Moving"
2023-11,S002,P0046,3722,180.9667,20.5673,2,"Medium Moving"
2023-11,S003,P0094,2710,131.4333,20.6188,2,"Medium Moving"
2023-11,S004,P0083,2710,131.4000,20.6240,2,"Medium Moving"
2023-11,S001,P0159,2747,132.5667,20.7216,2,"Medium Moving"
2023-11,S001,P0096,2833,136.7000,20.7242,2,"Medium Moving"
2023-11,S001,P0068,2757,132.4000,20.8233,2,"Medium Moving"
2023-11,S004,P0159,2802,134.4333,20.8430,2,"Medium Moving"
2023-11,S005,P0069,4102,195.7333,20.9571,2,"Medium Moving"
2023-11,S004,P0061,3463,165.0667,20.9794,2,"Medium Moving"
2023-11,S001,P0083,2905,138.3667,20.9949,2,"Medium Moving"
2023-11,S003,P0153,2817,134.1667,20.9963,2,"Medium Moving"
2023-11,S004,P0133,4163,197.0667,21.1248,2,"Medium Moving"
2023-11,S002,P0066,4052,190.9000,21.2258,2,"Medium Moving"
2023-11,S005,P0116,3126,146.9000,21.2798,2,"Medium Moving"
2023-11,S002,P0079,3221,151.2667,21.2935,2,"Medium Moving"
2023-11,S004,P0126,3721,174.4000,21.3360,2,"Medium Moving"
2023-11,S004,P0046,3452,161.2667,21.4055,2,"Medium Moving"
2023-11,S001,P0061,4056,189.3333,21.4225,2,"Medium Moving"
2023-11,S003,P0017,3050,142.3333,21.4286,3,"Fast Moving"
2023-11,S003,P0126,3596,167.7667,21.4345,3,"Fast Moving"
2023-11,S004,P0079,2942,137.0000,21.4745,3,"Fast Moving"
2023-11,S002,P0069,3605,167.8000,21.4839,3,"Fast Moving"
2023-11,S005,P0187,4138,192.6000,21.4849,3,"Fast Moving"
2023-11,S003,P0187,3907,181.6333,21.5104,3,"Fast Moving"
2023-11,S005,P0057,3858,179.2000,21.5290,3,"Fast Moving"
2023-11,S002,P0125,4097,189.8000,21.5859,3,"Fast Moving"
2023-11,S003,P0016,4139,191.6667,21.5948,3,"Fast Moving"
2023-11,S001,P0133,3916,181.2667,21.6035,3,"Fast Moving"
2023-11,S003,P0133,3763,174.0333,21.6223,3,"Fast Moving"
2023-11,S005,P0125,3722,172.0667,21.6312,3,"Fast Moving"
2023-11,S001,P0178,3872,178.9333,21.6393,3,"Fast Moving"
2023-11,S002,P0171,2755,126.8333,21.7214,3,"Fast Moving"
2023-11,S003,P0125,4447,204.6333,21.7316,3,"Fast Moving"
2023-11,S005,P0016,4150,190.2000,21.8191,3,"Fast Moving"
2023-11,S005,P0178,4370,199.8000,21.8719,3,"Fast Moving"
2023-11,S003,P0046,4367,199.4333,21.8970,3,"Fast Moving"
2023-11,S005,P0066,4134,188.7000,21.9078,3,"Fast Moving"
2023-11,S001,P0066,4219,191.9000,21.9854,3,"Fast Moving"
2023-11,S003,P0178,4153,188.7333,22.0046,3,"Fast Moving"
2023-11,S005,P0126,4346,197.3667,22.0199,3,"Fast Moving"
2023-11,S001,P0125,4161,188.7667,22.0431,3,"Fast Moving"
2023-11,S004,P0153,2912,131.8667,22.0829,3,"Fast Moving"
2023-11,S002,P0016,4340,196.3667,22.1015,3,"Fast Moving"
2023-11,S002,P0178,4046,183.0333,22.1053,3,"Fast Moving"
2023-11,S005,P0061,4209,189.5333,22.2072,3,"Fast Moving"
2023-11,S004,P0069,3681,165.6333,22.2238,3,"Fast Moving"
2023-11,S004,P0125,4157,186.8667,22.2458,3,"Fast Moving"
2023-11,S003,P0069,3987,178.9000,22.2862,3,"Fast Moving"
2023-11,S004,P0187,4485,200.6333,22.3542,3,"Fast Moving"
2023-11,S002,P0057,4097,183.2333,22.3595,3,"Fast Moving"
2023-11,S001,P0187,3872,172.9333,22.3901,3,"Fast Moving"
2023-11,S002,P0126,3140,140.1000,22.4126,3,"Fast Moving"
2023-11,S001,P0126,4106,182.8000,22.4617,3,"Fast Moving"
2023-11,S003,P0066,3970,176.0000,22.5568,3,"Fast Moving"
2023-11,S004,P0066,4032,178.6667,22.5672,3,"Fast Moving"
2023-11,S003,P0057,4106,181.6000,22.6101,3,"Fast Moving"
2023-11,S003,P0061,4149,182.9000,22.6845,3,"Fast Moving"
2023-11,S001,P0057,4302,189.6333,22.6859,3,"Fast Moving"
2023-11,S002,P0187,3755,165.2333,22.7254,3,"Fast Moving"
2023-11,S002,P0061,4333,190.6333,22.7295,3,"Fast Moving"
2023-11,S005,P0133,4018,176.7000,22.7391,3,"Fast Moving"
2023-11,S004,P0016,4080,179.2667,22.7594,3,"Fast Moving"
2023-11,S004,P0057,3811,167.3667,22.7704,3,"Fast Moving"
2023-11,S001,P0046,3826,167.3000,22.8691,3,"Fast Moving"
2023-11,S001,P0016,3947,170.7333,23.1179,3,"Fast Moving"
2023-11,S002,P0133,4556,195.4333,23.3123,3,"Fast Moving"
2023-11,S004,P0178,4120,174.5667,23.6013,3,"Fast Moving"
2023-11,S005,P0046,3745,158.3000,23.6576,3,"Fast Moving"
2023-12,S005,P0175,2479,134.4194,18.4423,1,"Slow Moving"
2023-12,S003,P0166,2669,144.6774,18.4479,1,"Slow Moving"
2023-12,S004,P0094,2797,151.1613,18.5034,1,"Slow Moving"
2023-12,S004,P0171,2529,136.4839,18.5297,1,"Slow Moving"
2023-12,S001,P0068,2607,139.4839,18.6903,1,"Slow Moving"
2023-12,S004,P0183,2596,137.8387,18.8336,1,"Slow Moving"
2023-12,S002,P0116,2817,149.4839,18.8448,1,"Slow Moving"
2023-12,S005,P0031,2536,134.0000,18.9254,1,"Slow Moving"
2023-12,S001,P0159,2863,150.6452,19.0049,1,"Slow Moving"
2023-12,S005,P0159,2719,141.2581,19.2485,1,"Slow Moving"
2023-12,S001,P0083,2912,150.9677,19.2889,1,"Slow Moving"
2023-12,S002,P0031,2659,137.3871,19.3541,1,"Slow Moving"
2023-12,S003,P0070,2817,145.3226,19.3845,1,"Slow Moving"
2023-12,S001,P0175,2490,127.8387,19.4777,1,"Slow Moving"
2023-12,S002,P0096,2605,133.7097,19.4825,1,"Slow Moving"
2023-12,S002,P0068,2321,118.8387,19.5307,1,"Slow Moving"
2023-12,S003,P0079,2913,149.0323,19.5461,1,"Slow Moving"
2023-12,S005,P0116,2910,148.7742,19.5598,1,"Slow Moving"
2023-12,S003,P0159,2733,139.7097,19.5620,1,"Slow Moving"
2023-12,S005,P0096,2902,148.2258,19.5782,1,"Slow Moving"
2023-12,S005,P0171,2758,140.6129,19.6141,1,"Slow Moving"
2023-12,S003,P0031,2504,127.6452,19.6169,1,"Slow Moving"
2023-12,S005,P0183,2755,140.3871,19.6243,1,"Slow Moving"
2023-12,S003,P0096,2861,145.5161,19.6611,1,"Slow Moving"
2023-12,S001,P0070,2574,130.5806,19.7120,1,"Slow Moving"
2023-12,S005,P0083,3014,152.7742,19.7285,1,"Slow Moving"
2023-12,S004,P0067,2909,147.4516,19.7285,1,"Slow Moving"
2023-12,S001,P0166,2742,138.7742,19.7587,1,"Slow Moving"
2023-12,S005,P0149,2923,147.8065,19.7759,1,"Slow Moving"
2023-12,S001,P0116,2911,147.0968,19.7897,1,"Slow Moving"
2023-12,S004,P0166,2916,146.0645,19.9638,1,"Slow Moving"
2023-12,S004,P0129,2734,136.9355,19.9656,1,"Slow Moving"
2023-12,S004,P0175,2990,149.6452,19.9806,1,"Slow Moving"
2023-12,S002,P0085,2552,127.6774,19.9879,1,"Slow Moving"
2023-12,S002,P0175,2594,129.5161,20.0284,1,"Slow Moving"
2023-12,S001,P0096,3021,150.4194,20.0839,1,"Slow Moving"
2023-12,S002,P0153,2724,135.5484,20.0961,1,"Slow Moving"
2023-12,S004,P0096,3029,150.7097,20.0982,1,"Slow Moving"
2023-12,S001,P0067,3018,150.0968,20.1070,1,"Slow Moving"
2023-12,S003,P0183,2901,144.1935,20.1188,1,"Slow Moving"
2023-12,S004,P0149,2753,136.6774,20.1423,1,"Slow Moving"
2023-12,S001,P0183,2908,144.2581,20.1583,1,"Slow Moving"
2023-12,S003,P0083,2862,141.7097,20.1962,1,"Slow Moving"
2023-12,S004,P0085,2561,126.3226,20.2735,1,"Slow Moving"
2023-12,S004,P0153,2694,132.8065,20.2852,1,"Slow Moving"
2023-12,S005,P0067,3120,153.4516,20.3321,1,"Slow Moving"
2023-12,S003,P0171,2818,138.4839,20.3489,1,"Slow Moving"
2023-12,S005,P0070,2432,119.2581,20.3928,1,"Slow Moving"
2023-12,S004,P0070,2591,127.0000,20.4016,1,"Slow Moving"
2023-12,S002,P0067,2915,142.5806,20.4446,1,"Slow Moving"
2023-12,S001,P0031,2712,132.6452,20.4455,2,"Medium Moving"
2023-12,S005,P0094,2946,144.0000,20.4583,2,"Medium Moving"
2023-12,S005,P0017,2755,134.5484,20.4759,2,"Medium Moving"
2023-12,S002,P0079,2767,135.1290,20.4767,2,"Medium Moving"
2023-12,S001,P0171,2674,130.5806,20.4778,2,"Medium Moving"
2023-12,S002,P0017,3074,150.0000,20.4933,2,"Medium Moving"
2023-12,S003,P0067,3041,148.3226,20.5026,2,"Medium Moving"
2023-12,S004,P0017,2928,142.8065,20.5033,2,"Medium Moving"
2023-12,S003,P0116,2961,143.9032,20.5763,2,"Medium Moving"
2023-12,S002,P0129,3057,148.4194,20.5970,2,"Medium Moving"
2023-12,S005,P0166,2842,137.9355,20.6038,2,"Medium Moving"
2023-12,S005,P0129,3013,146.2258,20.6051,2,"Medium Moving"
2023-12,S002,P0171,3074,149.1613,20.6086,2,"Medium Moving"
2023-12,S004,P0031,2744,132.9032,20.6466,2,"Medium Moving"
2023-12,S003,P0175,2462,119.0968,20.6723,2,"Medium Moving"
2023-12,S003,P0068,2942,142.2903,20.6760,2,"Medium Moving"
2023-12,S001,P0085,2980,144.0000,20.6944,2,"Medium Moving"
2023-12,S004,P0066,4047,195.5484,20.6956,2,"Medium Moving"
2023-12,S004,P0083,2937,141.9032,20.6972,2,"Medium Moving"
2023-12,S003,P0085,2482,119.3226,20.8008,2,"Medium Moving"
2023-12,S004,P0068,2976,142.8710,20.8300,2,"Medium Moving"
2023-12,S004,P0159,2907,139.2903,20.8701,2,"Medium Moving"
2023-12,S003,P0094,2910,139.0000,20.9353,2,"Medium Moving"
2023-12,S002,P0183,2696,128.7419,20.9411,2,"Medium Moving"
2023-12,S002,P0070,2736,130.5161,20.9629,2,"Medium Moving"
2023-12,S001,P0153,3167,150.6774,21.0184,2,"Medium Moving"
2023-12,S001,P0069,3856,182.8387,21.0896,2,"Medium Moving"
2023-12,S005,P0068,3059,144.5484,21.1625,2,"Medium Moving"
2023-12,S003,P0153,2873,135.4194,21.2156,2,"Medium Moving"
2023-12,S001,P0016,4169,195.4516,21.3301,2,"Medium Moving"
2023-12,S002,P0094,2788,130.6774,21.3350,2,"Medium Moving"
2023-12,S005,P0069,3711,173.7097,21.3632,2,"Medium Moving"
2023-12,S001,P0046,3817,178.3871,21.3973,2,"Medium Moving"
2023-12,S002,P0083,3035,141.4839,21.4512,2,"Medium Moving"
2023-12,S004,P0061,4068,189.6129,21.4542,2,"Medium Moving"
2023-12,S005,P0126,3650,169.9677,21.4747,2,"Medium Moving"
2023-12,S005,P0016,4300,199.9677,21.5035,2,"Medium Moving"
2023-12,S003,P0016,3874,180.0645,21.5145,2,"Medium Moving"
2023-12,S001,P0149,2941,136.4194,21.5585,2,"Medium Moving"
2023-12,S001,P0094,3284,152.2903,21.5641,2,"Medium Moving"
2023-12,S005,P0066,3900,180.5484,21.6009,2,"Medium Moving"
2023-12,S001,P0187,4039,186.4516,21.6625,2,"Medium Moving"
2023-12,S001,P0057,4104,189.1613,21.6958,2,"Medium Moving"
2023-12,S004,P0116,3368,155.1935,21.7019,2,"Medium Moving"
2023-12,S004,P0069,4125,189.8387,21.7290,2,"Medium Moving"
2023-12,S001,P0129,3022,139.0000,21.7410,2,"Medium Moving"
2023-12,S002,P0149,2861,131.5161,21.7540,2,"Medium Moving"
2023-12,S005,P0057,3902,179.0645,21.7910,2,"Medium Moving"
2023-12,S003,P0178,3853,176.7742,21.7962,2,"Medium Moving"
2023-12,S003,P0017,2803,128.5161,21.8105,2,"Medium Moving"
2023-12,S005,P0079,2980,136.6129,21.8135,3,"Fast Moving"
2023-12,S005,P0085,2908,132.7742,21.9018,3,"Fast Moving"
2023-12,S003,P0129,2960,135.0968,21.9102,3,"Fast Moving"
2023-12,S001,P0126,4106,186.4839,22.0180,3,"Fast Moving"
2023-12,S002,P0166,3016,136.9677,22.0198,3,"Fast Moving"
2023-12,S003,P0149,2924,132.5806,22.0545,3,"Fast Moving"
2023-12,S001,P0079,3255,147.4839,22.0702,3,"Fast Moving"
2023-12,S005,P0125,4145,187.6452,22.0896,3,"Fast Moving"
2023-12,S004,P0133,3628,164.1935,22.0959,3,"Fast Moving"
2023-12,S002,P0016,3816,172.2581,22.1528,3,"Fast Moving"
2023-12,S001,P0178,3879,174.9677,22.1698,3,"Fast Moving"
2023-12,S004,P0125,4122,185.9032,22.1728,3,"Fast Moving"
2023-12,S004,P0079,2970,133.6774,22.2177,3,"Fast Moving"
2023-12,S004,P0178,4182,188.1935,22.2218,3,"Fast Moving"
2023-12,S001,P0125,4046,182.0645,22.2229,3,"Fast Moving"
2023-12,S003,P0125,4175,187.7742,22.2342,3,"Fast Moving"
2023-12,S005,P0133,3930,176.7097,22.2399,3,"Fast Moving"
2023-12,S002,P0159,3194,143.6129,22.2403,3,"Fast Moving"
2023-12,S005,P0046,4029,179.5806,22.4356,3,"Fast Moving"
2023-12,S003,P0046,4024,179.1613,22.4602,3,"Fast Moving"
2023-12,S003,P0057,4100,182.4194,22.4757,3,"Fast Moving"
2023-12,S005,P0153,3162,140.4516,22.5131,3,"Fast Moving"
2023-12,S004,P0046,4226,187.5806,22.5290,3,"Fast Moving"
2023-12,S001,P0017,3296,145.8065,22.6053,3,"Fast Moving"
2023-12,S005,P0061,4160,183.7742,22.6365,3,"Fast Moving"
2023-12,S004,P0016,3947,174.1613,22.6629,3,"Fast Moving"
2023-12,S005,P0187,4164,183.5806,22.6821,3,"Fast Moving"
2023-12,S002,P0126,3956,174.3871,22.6852,3,"Fast Moving"
2023-12,S002,P0069,3608,158.7097,22.7333,3,"Fast Moving"
2023-12,S002,P0125,3912,171.7742,22.7741,3,"Fast Moving"
2023-12,S003,P0187,4182,183.2258,22.8243,3,"Fast Moving"
2023-12,S002,P0178,4298,188.2258,22.8343,3,"Fast Moving"
2023-12,S003,P0066,3799,166.1935,22.8589,3,"Fast Moving"
2023-12,S001,P0061,4218,184.4516,22.8678,3,"Fast Moving"
2023-12,S004,P0057,4158,181.0000,22.9724,3,"Fast Moving"
2023-12,S002,P0057,4461,194.0000,22.9948,3,"Fast Moving"
2023-12,S002,P0187,4167,180.6129,23.0714,3,"Fast Moving"
2023-12,S002,P0046,3790,164.1613,23.0871,3,"Fast Moving"
2023-12,S005,P0178,3918,169.3548,23.1349,3,"Fast Moving"
2023-12,S003,P0069,3805,164.4516,23.1375,3,"Fast Moving"
2023-12,S003,P0126,4220,181.4839,23.2528,3,"Fast Moving"
2023-12,S001,P0133,4073,174.7097,23.3130,3,"Fast Moving"
2023-12,S004,P0126,4011,171.8387,23.3417,3,"Fast Moving"
2023-12,S003,P0061,4091,175.1613,23.3556,3,"Fast Moving"
2023-12,S004,P0187,3981,169.6129,23.4711,3,"Fast Moving"
2023-12,S001,P0066,3941,167.8387,23.4809,3,"Fast Moving"
2023-12,S002,P0061,4491,191.2258,23.4853,3,"Fast Moving"
2023-12,S003,P0133,4170,177.3548,23.5122,3,"Fast Moving"
2023-12,S002,P0066,4173,176.5161,23.6409,3,"Fast Moving"
2023-12,S002,P0133,4355,183.9677,23.6726,3,"Fast Moving"
